altitude,algae_fluorescence_680nm,uv_index,temperature_celsius,humidity_percent
0.0,36.645347094858266,4.119484349268802,21.241785382528082,77.97446517507686
25.025025025025027,43.97730492454349,3.7412084478317165,19.491676584409376,78.57167946718181
50.050050050050054,47.10476126604849,3.050707298939142,21.293896019926404,75.64558065130166
75.07507507507508,63.21381360138133,2.4869550823400455,23.319586653032076,76.12877640730726
100.10010010010011,53.895871871736304,3.564584656896878,18.76396591254101,70.41370132808322
125.12512512512514,40.65162901630076,3.322295815844907,18.601344294313737,75.78822452718997
150.15015015015015,53.40225402592346,3.725163585031195,22.9720560627925,74.21752350857516
175.17517517517518,39.168872077431445,3.518647951856086,20.779948184243633,70.83982416795787
200.20020020020021,57.57883737720951,3.8516541842674803,17.52501273386132,74.35748486553223
225.22522522522524,46.70212743727485,2.585325344265059,19.89243614500095,74.29244820828318
250.25025025025028,49.34454667882581,4.068930267522475,17.214829141342218,65.76823936347432
275.2752752752753,59.28057653279533,3.174596200270436,17.04638632678507,67.42497785013742
300.3003003003003,40.98985501991025,4.67822671611823,18.652953726963133,66.53887300624102
325.32532532532537,40.22017270420906,2.4681692650478655,13.102184773740888,65.17051754384096
350.35035035035037,45.914804715577965,4.409792063553221,13.41042814144014,69.63322305521305
375.3753753753754,57.26865195713522,3.1808511492926406,16.154341236957627,65.72840432154052
400.40040040040043,39.3645774716621,2.502889621132465,14.865319596561338,64.69180422995811
425.42542542542543,30.174910813226017,2.638416858282068,18.02035306622292,58.65948039111744
450.4504504504505,46.84188799113701,2.770749180471571,14.802011883269044,65.77316553187312
475.4754754754755,53.862185599376446,3.367861285650062,13.378650156071181,59.35497953735216
500.50050050050055,58.40183224817181,3.4482984204584297,20.410868669050632,62.46827087998175
525.5255255255256,46.757870465402206,2.572571528380668,16.019643332867744,62.34607426585169
550.5505505505506,47.12001375018798,3.0135493592242466,16.59024193314123,64.83102063358521
575.5755755755756,58.07730513979023,4.748350821424026,12.696888293225118,56.06719621774241
600.6006006006006,36.911808102132056,4.418070572116605,14.735139284783141,50.189126424363884
625.6256256256256,47.28035457371894,3.386596473276763,16.2107399077081,59.062493113868655
650.6506506506507,51.33296722947541,3.0694418215735992,12.893286827215015,63.184920378648854
675.6756756756757,53.14453104899524,3.1365656019151493,16.54735315397229,60.781715104099305
700.7007007007007,46.43135314766382,3.5328564202263757,13.943848720648433,56.98427786527523
725.7257257257257,50.24108708194089,2.2253094913848193,14.55354840829959,54.17963790488958
750.7507507507509,32.581708526109075,2.839143815106369,13.615853589546628,57.38387464876945
775.7757757757759,45.39226111366306,1.7116792874444748,19.588152918729804,51.35843386236456
800.8008008008009,53.17456098788127,3.3674265461322714,14.76105173294996,55.03320957580109
825.8258258258259,43.12394176021724,3.5673063013117425,11.98785480974238,54.45400308372745
850.8508508508509,50.41288955112718,2.6645018812115517,16.52583174972744,55.45996684204365
875.875875875876,53.128107505618885,4.311741963184579,11.25469768187925,59.908246864645776
900.900900900901,47.60215559399565,2.073441523652181,14.666303131656031,52.1645276145849
925.925925925926,51.193246396975994,1.8840556513876991,9.082306171782042,48.82638462512482
950.950950950951,43.260872043007716,3.236618511905035,10.498353696572742,49.65043191605582
975.9759759759761,48.55372104212768,3.896237200648282,14.148309245828965,43.80159202094766
1001.0010010010011,54.271513187124555,4.4072022132263555,15.339659943482019,46.414033948284725
1026.026026026026,51.09881072677904,2.6944541512664095,13.759251533805756,46.667272750243086
1051.0510510510512,45.89428111305245,3.9260077298080995,12.879047462197565,45.72730029385919
1076.076076076076,51.56951483003555,3.033757788963999,12.252746266532283,47.16848098388523
1101.1011011011012,55.00226853445633,2.9279642261134105,9.146537866924273,43.663320824225046
1126.126126126126,35.650411049957654,3.7744955175569057,10.880569659193409,48.92005931184352
1151.1511511511512,58.11351845469129,3.590927371799805,11.36592059011805,44.991107820258996
1176.1761761761763,47.64621682923249,1.8094568449831707,14.997660420402141,44.403148913803506
1201.2012012012012,52.97842953268161,4.253304351852789,13.051237916113346,42.894885327254975
1226.2262262262263,58.3807284655166,4.177646656891535,7.621929141122695,43.79853097670391
1251.2512512512512,40.39828411938674,2.5746249138674515,12.677076790353855,45.2694275926994
1276.2762762762763,45.03391298300717,3.393219403326504,10.741498503163413,39.660616089050606
1301.3013013013015,47.98015912887006,3.473302227104269,9.849236540776644,39.76214795803828
1326.3263263263264,44.513725352129,3.2881185922387055,12.90806960098105,40.306344503237106
1351.3513513513515,62.14455603085766,2.640836958004745,13.793715022456093,36.66738820537141
1376.3763763763766,44.00259534321245,2.545283888232141,13.38175385134405,37.741078761818784
1401.4014014014015,46.111172543591934,3.0636408272909277,8.792847082834294,38.27033481934269
1426.4264264264266,51.43072322122084,4.023768800993077,9.955197288600191,41.82852555512082
1451.4514514514515,41.58495331746738,3.521967210762633,11.393724144074476,39.5055407603441
1476.4764764764766,47.23023501770615,2.792097122919704,12.8417657207088,38.81718712950891
1501.5015015015017,52.222172828751226,3.707449058608766,9.042304645627015,40.31365838912841
1526.5265265265266,47.66997716932242,0.8127574950875309,9.613430135918035,36.8793082905069
1551.5515515515517,49.34629198770036,4.012105653390776,7.149077479899844,37.999115890766376
1576.5765765765766,46.29467521286141,1.702823571572115,6.761735692050577,36.06011970009236
1601.6016016016017,39.39870783573463,2.8061433429735905,11.620904145575086,36.71362986081922
1626.6266266266268,52.25115247937467,2.2018616818966823,12.817526998353983,33.72264812403934
1651.6516516516517,62.284531501530694,2.0633539185223744,9.08423896031343,27.713407411957213
1676.6766766766768,50.128811415484066,4.029262030503416,11.610433846331661,34.19144064041871
1701.7017017017017,51.57684882073285,2.727941141052589,9.843029001558024,38.432358029040394
1726.7267267267268,54.849059285818015,3.3808067089881764,7.163476889763465,36.517944226089
1751.751751751752,41.11468652417311,3.0675686420017576,9.517102627384647,36.21595726536235
1776.7767767767768,61.91760260690724,3.4882392683851036,12.296042367115874,36.61384047861134
1801.801801801802,51.41630157495961,3.169565620956312,8.198723190513409,32.76225642959251
1826.8268268268268,61.42299829362376,2.0832158302587542,12.03723476516064,32.6841539034828
1851.851851851852,44.86876903133207,3.9081245666688234,1.4136002027386025,29.84019873626219
1876.876876876877,62.726433457904776,2.717607346083563,9.85505656123836,30.350845534887394
1901.901901901902,55.426088458243484,1.868848595186313,7.855255308233066,32.75718757103372
1926.926926926927,53.87128060096651,2.773123486842886,6.727456598810306,34.13717685679281
1951.9519519519522,51.638171180472035,4.317724949624566,7.541714253651067,29.72761337077114
1976.976976976977,48.260299673478855,3.798796012309413,2.180727363147418,28.420532857156797
2002.0020020020022,58.40372160931711,2.8411984125938328,6.4378072673932065,29.40249409490999
2027.027027027027,50.98251908893633,2.8422154581668786,7.717105753103691,30.838943185619325
2052.052052052052,36.23051207488993,2.865815082149217,10.356396773515451,24.34271712660893
2077.0770770770773,42.179694768050986,4.786023011473297,5.203323453314879,21.429186741015737
2102.1021021021024,48.699079734650766,3.4316744879113688,4.3151023291033646,26.314000643046718
2127.127127127127,52.16999288215889,3.471660945380483,4.919281064712333,23.955733941126205
2152.152152152152,49.60388057770073,3.953355892354603,8.299516305266195,25.750034645614125
2177.1771771771773,58.53279552855564,3.3216619578518416,6.670226122497558,26.49196852720412
2202.2022022022024,36.342286951729626,2.9248984154755697,4.361285176268089,25.240635628741842
2227.2272272272276,51.00511555553612,2.976553754365651,6.806191605806412,30.627019520326684
2252.252252252252,37.27414542228992,3.0778541276038838,5.603054233730463,26.923200174714136
2277.2772772772773,55.31798606838918,3.106858847428763,7.619310174029922,26.52179968449814
2302.3023023023025,49.33878899890598,3.7202417730477224,3.279902300341654,27.168420017126337
2327.3273273273276,52.93726980416883,3.1811963482854795,4.053217005877951,21.57068258738465
2352.3523523523527,43.95281927587164,3.7272532029136047,3.729439326879314,27.793812777160223
2377.3773773773773,58.95625452160426,3.0780693785557767,0.8882596767167517,24.14234350244933
2402.4024024024025,57.29207264841196,3.2070522963970163,5.124685077045825,26.07805259334631
2427.4274274274276,54.084810121083216,1.5470850980199597,4.874359902171444,20.551781411269943
2452.4524524524527,49.09337927195592,3.8802092869091327,4.07184270066521,18.810540317036068
2477.477477477478,54.05900099706592,3.4258394293670427,3.309928562958527,25.63362395910438
2502.5025025025025,45.05175202408856,3.948558238037872,0.19530687860770035,24.02095110319844
2527.5275275275276,55.988889613144984,0.8346473490966999,2.519457764157673,19.900919444522906
2552.5525525525527,61.54636626026745,4.823852916977735,2.551622117091485,19.716975923290967
2577.577577577578,57.4942739198543,3.0429829521305156,1.2400525726916962,25.42465604488439
2602.602602602603,44.89278271134813,4.04270240954617,2.679868803918059,18.20595453801142
2627.6276276276276,52.52992122091172,2.325732915957233,3.9305475624567663,26.431456677708262
2652.6526526526527,40.948009193689465,3.6493782832092148,7.473222510784084,18.534189901324822
2677.677677677678,54.00673217822973,2.3179282101217358,3.031539627174691,22.88716699217538
2702.702702702703,53.15422389003777,2.663146993605518,3.0763084092393425,19.725358378242426
2727.727727727728,36.91128562327485,4.694888746757092,2.0836549803543516,22.26324134031459
2752.752752752753,41.86751309261345,3.0126192445544877,-2.689820931140499,18.56700461280963
2777.777777777778,48.01802772279363,3.340612965210445,1.8781597558214043,19.45979798396682
2802.802802802803,47.893981770014214,3.864222352719172,1.9323573066343473,19.822887497928093
2827.827827827828,41.533661452068365,3.5662151800477533,7.777224400332335,16.44860522504016
2852.852852852853,52.72285110546529,3.291506295286032,0.9755540445036479,21.435724247837147
2877.8778778778783,51.76031526258358,3.464641474645653,2.047662149627824,17.43470225426166
2902.902902902903,48.64011607615036,5.096906642364794,1.0443517068680224,18.052605667989194
2927.927927927928,44.70945949889146,3.1295806380488074,-1.9532266255803612,15.522353529185988
2952.952952952953,55.13509699194628,3.3380564145491514,3.662862842093355,10.588294214060664
2977.9779779779783,61.58784979161807,4.019202195484768,2.5229757248600775,17.47496671189287
3003.0030030030034,46.61506961307424,4.064600926546567,2.4580603480880976,25.061476766944587
3028.028028028028,45.71483157991626,4.131305926129985,-1.955650819169029,19.95581442513671
3053.053053053053,53.438453657883976,3.694167360806531,3.662140932495405,17.325347339162832
3078.0780780780783,47.49379434177109,2.270280754500298,-3.5121351644882104,16.378304497384267
3103.1031031031034,49.02421959535736,4.492931412027064,1.2969725643305057,17.02091091804679
3128.1281281281285,55.1775720620727,2.2706113732727373,5.143306231692111,18.38406116674251
3153.153153153153,35.63054602670999,3.4312975613804158,-2.9718363083222146,12.992077278522089
3178.1781781781783,59.22811627396868,2.5872700106752045,-2.0739024821650887,19.671881438340634
3203.2032032032034,50.50876367030539,3.1408815149177984,-0.5716924081017175,18.272017467528915
3228.2282282282285,47.11954798806474,3.456703621936478,-2.242172618773984,18.07991261278232
3253.2532532532537,49.34115383473264,3.4522809675554136,-5.022804723811479,17.042757920006714
3278.2782782782783,49.737005485143634,3.5342333000849244,-1.1374013717937408,15.590618294299645
3303.3033033033034,37.88159087588552,4.489167213445116,-4.127230755786734,17.357221378252646
3328.3283283283286,60.46456759217265,3.5625271409108836,-0.4501530575461823,16.92335091470252
3353.3533533533537,49.73799385402456,3.005875892968682,-4.095357382381305,13.897428856260463
3378.378378378379,52.127380057271054,3.9739724373333885,1.9153765530843891,13.052730288278845
3403.4034034034034,56.60854945872923,4.155780595343916,-4.080255352962714,14.895402129421853
3428.4284284284286,42.8518627970779,2.223619453596112,-3.089938575298972,19.055475592205397
3453.4534534534537,51.070269122512464,3.685127263087094,-0.41365440402327414,10.511931658531733
3478.478478478479,44.42047733149555,3.7696469025574273,-5.687270901194998,9.649742639159193
3503.503503503504,55.61332873274269,2.9721594075222164,-2.204122936262452,14.371866612454472
3528.5285285285286,34.538250852920264,4.312277162361007,0.33242145027063685,13.857685590761466
3553.5535535535537,45.6584464224412,3.093168743587192,-7.116806184501168,14.054631601763669
3578.578578578579,45.32934009535415,3.3151758774919484,-2.79917611443,14.098169371683753
3603.603603603604,51.79109009434463,3.0777587567891205,-2.773716437802367,12.53049887981109
3628.628628628629,53.29030931157742,3.2301809557828918,-1.6315289066428116,17.50555849997818
3653.6536536536537,38.82051033018721,2.3421991497030574,-6.841125525943954,8.071159765714658
3678.678678678679,39.310103405411425,2.0686800146452855,-7.212552944122102,10.228299741653752
3703.703703703704,47.84831051270366,4.4978262728022,-2.7692201600318285,12.245936185209944
3728.728728728729,39.95850914141948,2.5461546450690613,-3.494275053653773,7.47000946525188
3753.753753753754,54.25280059727762,2.4321113456601795,-3.773167273534708,11.717829458225465
3778.7787787787793,47.415549596867876,1.5040146358437547,-3.6959415383196257,17.0775371415642
3803.803803803804,26.016609393064737,2.7170588300766267,-6.42478652867095,12.005413442645306
3828.828828828829,46.119422526502944,2.1712578950037313,-4.30675314448488,12.486353845711177
3853.853853853854,39.163743529544774,4.544843359340327,-4.317368866803347,7.867100550905159
3878.8788788788793,32.9100213781053,4.04058640420684,-6.998591257778635,9.653677945999725
3903.9039039039044,38.95508417391168,2.683713958092055,-0.7109390975134859,10.23414128293938
3928.928928928929,48.3985252647139,5.037684380011183,-4.35345573575857,10.265331923766224
3953.953953953954,53.74400253727172,4.022649626830512,-8.678959443707322,14.923911810190166
3978.9789789789793,50.99943701665583,2.9788736319318407,-4.221979341778791,12.614291399201939
4004.0040040040044,36.79577855511091,1.2407156683413816,-8.462730201594331,7.470795150025163
4029.0290290290295,51.39649230187488,5.074495799814335,-4.220977179332559,11.41032587135992
4054.054054054054,45.30276281472637,2.1315852698323665,-3.454862403832841,12.032789972518632
4079.0790790790793,39.20298516860872,1.9284257471792312,-8.565719809893288,13.827534935181326
4104.104104104104,41.91946132236911,4.064302591853958,-4.268236353565873,15.019302357741775
4129.129129129129,32.578417482796766,5.199549672819166,-5.807387021998091,7.104599326111888
4154.154154154155,43.566084098036654,4.356667504057664,-4.94685160201578,7.5911000879055495
4179.179179179179,46.66952399002021,3.701878046792639,-2.4226822080297943,6.126299121158561
4204.204204204205,41.949379403454486,3.7280557255844813,-7.940797617334508,9.073883039120943
4229.2292292292295,38.55346501748988,3.936486200778,-9.374330400883714,11.053458228893911
4254.254254254254,34.81328882656909,3.8623981270846675,-9.87643872671646,12.496338683042492
4279.27927927928,44.06942521688287,3.4817098959322577,-9.854841027728913,9.187926833362926
4304.304304304304,32.69355632672177,3.341619141419759,-8.17073225151324,8.339156287235445
4329.32932932933,49.31972816018292,3.209685257440142,-7.287760703599035,9.63834763735428
4354.354354354355,34.848845163727745,2.6580895901679202,-7.611576304978258,6.563457507364398
4379.379379379379,42.635941573464905,3.0382227012693432,-6.398007843375904,15.2247347992643
4404.404404404405,28.849202912076063,1.9098988129079562,-8.596123898933861,4.021770189573198
4429.42942942943,43.398498035835736,3.187094064329966,-5.157456098397999,9.288994423264384
4454.454454454455,49.752282313626026,2.4763943815465335,-9.615596037048846,14.69697831970689
4479.47947947948,50.379044982072784,2.3858973149961518,-2.3161937001425708,8.539296725930164
4504.504504504504,49.197714108755825,3.414185591193053,-7.715110909866761,7.842851378719441
4529.52952952953,39.89575441370278,4.385373600847451,-11.584835832982652,7.236020683278427
4554.554554554555,27.6834930118586,4.007926558075124,-12.281835849757384,7.663871172414527
4579.57957957958,40.953628851409796,2.018374291876233,-8.561086229159308,12.221565530883328
4604.604604604605,29.489064212039864,2.4845737670200063,-10.488586893244557,1.3666769114578834
4629.62962962963,53.10416687336752,4.030394728168351,-8.307591357362362,12.503059162275552
4654.654654654655,29.780547338977204,2.493289364448632,-9.072161193821394,3.532619309386954
4679.67967967968,43.80964272517158,3.1010742607831614,-10.5999901995601,6.907488397575898
4704.704704704705,40.36626650673625,3.7223239615019237,-12.697564875751596,6.323873459204528
4729.72972972973,45.653109242341706,2.5091082198928754,-14.530361304957903,9.282619575531902
4754.754754754755,30.41346224727539,3.369585690202053,-12.022193286073456,2.6291166495841045
4779.77977977978,45.95374769354727,2.2195663908522234,-8.927571582759889,8.717699901251933
4804.804804804805,56.58404293802353,2.8071941731273173,-10.69599687090572,13.312950777220408
4829.8298298298305,25.444383716479482,3.5456153371038193,-14.508240840673867,3.0604734320523264
4854.854854854855,26.384415367508574,2.0168963044659556,-11.123604241928604,7.630206926255994
4879.87987987988,23.19971130131153,3.645172583161112,-10.755925769897123,4.987340387023126
4904.904904904905,37.93381539781771,3.2785840551529497,-14.091525472384717,8.164238808730929
4929.92992992993,22.75679536865818,3.7377877593295143,-11.660231779680723,6.8583889891787075
4954.954954954956,31.697197606154656,3.4764286045490267,-12.061685411092212,4.791918186716877
4979.97997997998,34.26848917526656,4.390111142777874,-15.227295614446431,8.09648057532697
5005.005005005005,39.82084822597981,3.400479902418626,-11.63806413166182,11.963431331326273
5030.0300300300305,38.98637546510545,2.9582773689015998,-11.293233879274611,5.89622446945634
5055.055055055055,40.604570027113205,3.4011413057291304,-10.150229749919667,8.547771322773444
5080.080080080081,44.587657852340634,3.7394432280339154,-10.386015390433263,2.4292404895935586
5105.105105105105,20.073400369007757,3.3453943625668696,-16.62735660307591,3.3612998775864074
5130.13013013013,25.51059785328449,3.3402811607709135,-15.69040844563365,7.570352981889367
5155.155155155156,31.52448874216693,2.747715959063905,-12.220920340486863,10.528970739585997
5180.18018018018,40.7652345384843,2.7804900767700524,-12.386706293890645,7.067902592563996
5205.205205205206,39.97710214331053,2.190228094872557,-12.546214618068717,4.987267903296324
5230.2302302302305,48.58388900185804,4.7134752083633655,-4.364667769859695,5.8506235332569645
5255.255255255255,40.20093123107323,2.3202247270022873,-12.731932882426243,2.028749772966201
5280.280280280281,28.290176122994033,2.7624926585800913,-11.482907721370324,7.521647553368364
5305.305305305305,47.663410192076334,2.7435925058629604,-12.099480075751476,8.284123049691171
5330.330330330331,43.24004568816476,4.035759321375373,-13.018669018882656,4.210757729005873
5355.355355355356,33.796218974069504,3.085361578687699,-15.597982921410678,4.0876787509305865
5380.380380380381,45.9735567864413,4.32101648096181,-13.075049421239306,6.2270771138056915
5405.405405405406,14.828725543080422,2.7855318249292296,-17.067198171479067,4.051770508086886
5430.4304304304305,25.042525901330187,3.5490211556048674,-15.88984431464782,5.0968586542809655
5455.455455455456,25.606360629929096,2.6590496847195215,-16.67386933003322,11.528577699505178
5480.480480480481,34.134353507625235,5.04494813104754,-15.418437774657315,4.423309806619615
5505.505505505506,29.662880565104214,2.38025159510672,-9.99913936910202,4.0251495919445315
5530.530530530531,25.924612039689833,3.579688400013454,-20.616611429927822,3.0941262784383357
5555.555555555556,41.603910973349315,3.8403548380790125,-14.395460635174823,7.206697836269116
5580.580580580581,26.592374323965693,3.6658741127960335,-20.305563451747904,4.368598401999105
5605.605605605606,27.013392962430117,3.18810620923417,-17.61626610091002,2.9030698963292876
5630.6306306306315,26.647192065783116,3.233981278051097,-13.876722606680683,8.754778724218765
5655.655655655656,23.66550233565682,3.374388516922627,-16.601061714023103,8.990103339138052
5680.680680680681,30.75474882407091,3.2232392395380502,-19.618786369247687,2.871192081731537
5705.705705705706,27.392423486981812,4.1134456357782705,-18.87534636023701,0.5
5730.730730730731,30.19049344389046,5.112262245116925,-15.550755377413063,7.579526291305722
5755.755755755757,19.44035551921419,2.8993519173390783,-19.238328991705256,2.4464316542666102
5780.780780780781,13.67657120234955,2.251004463183585,-17.033928601120138,6.816238431618785
5805.805805805806,16.31832086224162,3.2777227096673447,-17.623808137978205,0.5
5830.8308308308315,37.59198845407466,5.413617319973305,-19.529401269414944,7.012313496438012
5855.855855855856,22.30556066405745,2.7084116969755665,-12.703202839749748,0.647107841398677
5880.880880880882,29.574810658667317,4.664146297208107,-16.640928169930703,6.419688330031622
5905.905905905906,23.984065220934678,4.696515005615507,-23.45124485503241,4.217649382233808
5930.930930930931,14.718718307174871,2.9129852624894603,-18.084915264127478,1.2610997587642672
5955.955955955957,22.16597472057184,3.812543820705578,-20.368179875634684,2.85054242111256
5980.980980980981,34.48745797941882,4.661576157361689,-16.745293039385817,6.0799775518459285
6006.006006006007,20.7013368820649,3.0570581675703705,-21.020340885120792,4.2887059127906735
6031.0310310310315,43.68344897687671,3.1989975737799727,-19.488542805368947,5.674883590525499
6056.056056056056,16.06806218281247,2.8980186322044483,-18.10189616691322,9.802202490659322
6081.081081081082,31.61714114678456,2.5530594803105715,-17.362639041601728,0.5
6106.106106106106,19.06914286278012,2.8469443303135606,-22.690430707329128,8.628802171098116
6131.131131131132,26.39216536793174,2.3887156544580623,-20.688605441954728,4.043264894014203
6156.156156156157,21.77931341755786,3.3966361439767505,-21.20237829291741,0.9874615900785062
6181.181181181181,12.401405481562087,2.7548922860239573,-21.81100075911196,0.5
6206.206206206207,29.225622121378777,3.5594011018049705,-15.926704739637598,3.0254089672395703
6231.2312312312315,10.91538973782201,2.129157356910972,-19.490548725600615,6.313045972021881
6256.256256256257,20.05658381645972,3.640079561146941,-23.817875551503285,3.1213292794297756
6281.281281281282,28.28353458877821,4.043700046164017,-18.533673460691393,7.9938710357632505
6306.306306306306,31.19222043281261,1.783389864321214,-15.685600498459404,0.5
6331.331331331332,31.21740112682693,3.6791251357579378,-18.572490502275787,3.338617209261113
6356.356356356357,15.15122703466595,4.363516575360015,-25.11474123120135,0.5
6381.381381381382,19.193465269985527,2.4151700679299184,-22.68956416114461,4.382371146229018
6406.406406406407,19.076580805641193,4.722442293854547,-18.474363768675083,5.9112096305657325
6431.4314314314315,10.628159183506096,3.721101093378722,-23.573477968351256,1.947842963152674
6456.456456456457,27.27101474633922,2.8233779027806603,-20.8574183966014,0.5
6481.481481481482,31.628599137981023,3.344273626762724,-20.193044496056284,3.727636084247204
6506.506506506507,13.619837885682713,3.8370519204077684,-24.609618471237503,4.402077293446686
6531.531531531532,18.5495167005459,3.4526962050218213,-22.603768345109458,4.2662999748743395
6556.556556556557,5.0,3.824398187350489,-30.7207859677903,6.7227944152662245
6581.581581581582,20.447423841448106,2.658356020431402,-25.341249383616006,0.5
6606.606606606607,21.78715822676903,3.5318850556252586,-23.574363321425842,4.981570886130688
6631.631631631632,27.491864734135905,2.2669263003739135,-26.225063560517736,6.481876039332526
6656.656656656657,15.32087844708305,3.3104185503204393,-19.187240008439183,0.5
6681.681681681682,8.74028281816064,2.677774787729069,-27.006284375832507,3.791529350073838
6706.706706706707,15.221970531882107,2.813978448330589,-24.693704810336055,1.2848125794143626
6731.731731731732,20.64031965487577,4.3927784440722535,-23.429404813041028,2.518000220713839
6756.756756756758,19.902346182658615,4.27845350188082,-20.31573569625363,3.771246379744972
6781.781781781782,5.0,3.894217403632649,-27.67123695953018,1.2326070692168791
6806.806806806807,24.482183500919213,2.5345581966703454,-21.336334863856845,0.6336661884789523
6831.8318318318325,19.84104212104176,3.1567831501540686,-24.381324254357946,2.7301619295192165
6856.856856856857,5.0,4.381889571394758,-27.023341197189445,0.5
6881.881881881883,24.37263928787738,3.5262864438248367,-23.57697354657406,0.5
6906.906906906907,23.88003014036492,5.26987804639977,-24.39724565596122,4.56901531986105
6931.931931931932,11.352925855052732,3.7305701874314137,-26.558099750454545,0.5
6956.956956956958,15.222254110368635,3.571056710609443,-25.045715007745173,4.46728317070828
6981.981981981982,16.271867466681293,3.171625747556918,-26.346166875037284,3.8254267628517384
7007.007007007008,6.3254502345800425,3.527253144246246,-25.261752182417432,0.5
7032.0320320320325,14.38089807129018,3.299946052817487,-24.052881521905597,0.5
7057.057057057057,5.03965880479342,3.989910364774296,-21.905828830507488,5.930173725637831
7082.082082082083,12.693081097619562,4.190286778360592,-29.12807228060066,0.5
7107.107107107107,8.22243176042822,2.797634858020067,-20.86361275955553,0.8966069137090675
7132.132132132133,15.48908600647097,2.362941565081705,-31.239078357665115,3.6475294879313074
7157.157157157158,9.629382699245161,1.9604651309467922,-26.90098425911048,4.583399491352066
7182.182182182182,11.423665427553885,3.837323992460966,-25.21339116797274,1.4508421060624688
7207.207207207208,6.639311891144551,2.5497391474933337,-26.14436717750927,0.5
7232.2322322322325,8.343371193996642,1.7116214595719474,-28.56625830906099,6.41806155008532
7257.257257257258,22.06145513025173,3.7462983190602066,-27.69247779806536,7.340904822627023
7282.282282282283,5.0,5.43133655088317,-28.567337171481917,5.034366426135727
7307.307307307307,16.64622441028732,3.433581709206524,-28.970909389858026,2.3276615849140914
7332.332332332333,14.311931991300565,4.110732559501254,-25.536154917607597,0.5
7357.357357357358,5.0,3.5069049282794933,-26.930284107910204,0.5
7382.382382382383,5.0,3.3638312203900287,-29.717759473637127,3.5629241816553816
7407.407407407408,24.498910921088555,4.179705630834659,-25.89914845956502,3.225764839957321
7432.4324324324325,5.143040222425593,3.213726310595025,-27.542562008619285,6.15086278990727
7457.457457457458,5.0,3.66136129870497,-26.441318176376075,3.87321880845815
7482.482482482483,17.618105749562446,3.7063071939057597,-27.062064031327107,0.5
7507.507507507508,8.57804733192829,2.9159780875360113,-30.87128632610398,5.030213374165716
7532.532532532533,5.0,4.24558583158117,-30.361914061953886,0.5
7557.5575575575585,10.9706059531612,3.3134856480971266,-27.255890111315974,0.6761325846056585
7582.582582582583,5.0,2.850358827360679,-27.760861123203128,2.555916072951274
7607.607607607608,17.338129450677215,3.885664331312779,-29.501703434359815,7.769869626517401
7632.632632632633,18.99663310473612,2.739183572525128,-29.31879365384016,11.090453662768853
7657.657657657658,15.632611425523706,3.482004385354762,-26.580612535303715,3.558973673451347
7682.682682682684,5.990875252997869,3.4536657636455983,-31.416365909527013,1.1675933771185387
7707.707707707708,20.879455786695043,4.331178915127725,-28.732356647175006,3.2993477667718674
7732.732732732733,6.014292798333942,3.843722550267926,-30.768244393847496,4.337710194775216
7757.757757757759,5.0,3.44544389846935,-30.969628433493483,0.6919163426071924
7782.782782782783,14.894092220157635,4.121180006327197,-27.84114595812011,7.018987535023291
7807.807807807809,22.72314238877547,4.580634507682319,-28.68720987828068,2.3032557188733747
7832.832832832833,5.0,3.91621821505146,-28.87963932341182,3.0862152287520197
7857.857857857858,7.536667367699792,3.479753567346176,-27.812379058190256,3.570950643686145
7882.882882882884,7.544966539737892,2.423503987092845,-31.18622913465684,2.818375950025967
7907.907907907908,7.103447143302615,2.6223835440141765,-29.69651897316399,4.05111909217754
7932.932932932934,5.0,3.231796212492242,-32.33973095554771,0.5
7957.957957957959,11.728538725354852,2.989867715750051,-30.916310845505627,0.5
7982.982982982983,18.168164516157923,3.3294019365906222,-32.2147470253086,0.5
8008.008008008009,5.047526834547551,3.525800420398166,-31.80956213957026,2.7778996614711744
8033.0330330330335,5.0,3.905736185467367,-30.726822151122434,3.778058538494591
8058.058058058059,5.0,3.427084461036211,-34.42292908546106,2.7966463339330887
8083.083083083084,14.056777385490324,3.8741863000459467,-27.30907185082639,6.429106586363282
8108.108108108108,5.5862035950573325,3.5380660183345825,-35.21774615645196,1.371362853042921
8133.133133133134,5.0,1.9076147349048906,-35.9008368973347,3.3771148353808664
8158.158158158159,5.034046847151238,2.7380211744344862,-30.132750844277854,0.5
8183.183183183184,5.0,3.375720946413699,-31.211533955783356,0.5
8208.208208208209,5.0,2.5247366982196064,-31.793053810722967,3.4069971765554676
8233.233233233233,9.85116684390233,3.9739369779909577,-31.94515224285532,3.851271847822268
8258.258258258258,6.082457933505161,4.720096161370453,-33.709295610795955,0.5
8283.283283283285,5.0,4.47200647835485,-36.08447727005593,1.0569409110364527
8308.30830830831,10.657133934485245,3.3277442017543324,-33.81449260851969,0.5
8333.333333333334,5.0,4.692580909479962,-35.85957094544695,0.5
8358.358358358359,13.907885069836192,3.6204354672631904,-31.89152999578495,3.896035094986122
8383.383383383383,5.0,3.233334226108571,-34.85963544574734,2.9352697434818973
8408.40840840841,5.0,3.013782373671753,-36.71839764663594,2.696610339643187
8433.433433433434,5.0,3.2640302568155035,-35.620781921449804,1.329079752006015
8458.458458458459,5.0,3.1969660526745245,-33.94765134429092,1.1862783902448297
8483.483483483484,7.9965947235098795,3.6453419869093993,-36.55195402465258,0.5
8508.508508508508,5.0,3.638969695350402,-37.360856294221385,3.2327795910276738
8533.533533533535,5.0,3.5144488281347437,-34.858749939238194,2.385083847526461
8558.55855855856,5.0,3.8630640493105934,-35.01821420285883,2.5842679340539063
8583.583583583584,5.0,4.467532034844088,-37.06065123172112,0.5
8608.608608608609,5.0,4.276159824869575,-37.13355172000176,0.5
8633.633633633634,10.270959766647778,2.330099643258095,-35.538493775224524,4.358841092156622
8658.65865865866,5.0,1.476382611597956,-39.9014921350246,0.5
8683.683683683685,5.0,4.26847695001244,-39.96260337988534,0.5
8708.70870870871,5.0,2.4290195637901855,-38.402717159737705,3.108495449877221
8733.733733733734,5.0,3.344211702509877,-37.30288714854888,0.5
8758.758758758759,5.0,2.5894351046780377,-36.15466301793692,4.182459914508689
8783.783783783785,5.0,2.0854426769630114,-33.40620405222072,2.841201093536054
8808.80880880881,5.0,3.961698711092359,-35.11310819925221,3.028578724896189
8833.833833833834,5.0,4.137354158272148,-37.819766244828486,0.5
8858.85885885886,5.0,3.0703232109501557,-37.630123102339304,4.589535129736392
8883.883883883884,5.0,1.4601991993171048,-40.251568656839765,1.7255958912746774
8908.90890890891,5.0,3.0975389759325482,-37.95419074788889,0.5
8933.933933933935,5.0,3.8494792403580735,-38.792217167870916,1.3487324935850862
8958.95895895896,5.0,2.3544082825182344,-37.42643683238801,0.5
8983.983983983984,5.0,3.6857269748623636,-40.463973254776704,2.121823604373074
9009.009009009009,5.0,3.5282926612021437,-37.26019227295562,0.5
9034.034034034035,5.0,4.0054752417229125,-34.88937393871478,0.5
9059.05905905906,5.0,3.6392078382748663,-39.155784255026035,0.5
9084.084084084085,5.0,2.7665898923398005,-38.04226724129919,4.190195784744048
9109.10910910911,5.0,4.503803747878139,-37.48384922993142,0.5
9134.134134134134,5.826556290679173,3.421224389626472,-40.37492305158646,5.432253810745767
9159.15915915916,5.0,3.527705917941604,-38.9743033300085,0.5
9184.184184184185,5.0,2.804436683792494,-39.66571619524271,0.5
9209.20920920921,5.0,3.1979267515993444,-39.61566961348778,0.5
9234.234234234234,5.0,2.846211882832533,-41.955046982161186,4.497934180103659
9259.25925925926,5.0,3.417198707616817,-40.12390974953782,0.5
9284.284284284286,5.0,4.926423841170932,-39.10285211973423,0.5
9309.30930930931,5.4532309159998515,2.461037644213474,-36.88265149102291,1.2414306291594777
9334.334334334335,6.366510737429682,2.2692109417586668,-38.274996107960156,2.257256787809432
9359.35935935936,5.0,4.7384978235564486,-35.452879692056946,4.094755377295642
9384.384384384384,5.0,3.39560412134157,-42.91686740571861,5.078823228296259
9409.40940940941,5.0,3.0293063736366315,-38.98035956935947,0.5
9434.434434434435,5.0,4.397989815982927,-40.86546880947795,0.5
9459.45945945946,5.0,3.0830751357780763,-36.011979153442304,0.5
9484.484484484485,5.0,5.029876839906618,-43.66989486253703,1.4783674377386655
9509.50950950951,5.0,4.1129112676419854,-43.91111641726375,0.5
9534.534534534536,5.0,3.18174294555551,-43.47295608808454,0.5
9559.55955955956,5.0,5.2994201441859765,-47.446876447911656,1.703191495836709
9584.584584584585,5.0,3.090503136672404,-43.6141873540017,0.5175169150961998
9609.60960960961,5.0,4.170252874184022,-44.36029411634671,0.7536149514728913
9634.634634634634,5.0,3.817512142403271,-42.24914065893461,0.5
9659.659659659661,5.0,4.620972611098618,-41.933397848344896,0.5
9684.684684684686,5.0,4.8302900384625636,-38.26002335241074,0.5
9709.70970970971,5.0,3.608185901835196,-40.73705351764799,3.293832354917158
9734.734734734735,5.0,2.981349787807137,-44.718034914931785,3.721235448508102
9759.75975975976,5.0,3.9535632999368784,-45.684475116809324,0.5
9784.784784784786,5.0,3.0449147912854024,-42.37130317233484,0.5
9809.80980980981,5.0,5.199298386609887,-47.06434678131537,0.5
9834.834834834835,5.0,3.69931835495628,-39.34777951179054,0.5
9859.85985985986,5.0,3.2993343505419044,-41.14048878728587,0.5
9884.884884884885,5.0,3.7408373377850195,-45.424690882013515,0.5
9909.909909909911,5.0,2.5168935629708376,-48.697250737141616,0.5
9934.934934934936,5.0,2.818804865287575,-41.192396141663544,0.5
9959.95995995996,5.0,4.557928723953138,-45.02608935287129,1.1717380024163395
9984.984984984985,5.0,3.0735836759219826,-41.80786162246875,0.7511308148834447
10010.01001001001,5.0,2.763071814455049,-49.051134212050975,0.5
10035.035035035036,5.0,4.031424304123931,-46.726165285112174,1.0601380323340754
10060.060060060061,5.0,4.552166927334001,-45.37728114109493,0.5
10085.085085085086,5.0,4.180267753637159,-45.4356015686412,0.5
10110.11011011011,5.0,4.403444755251259,-46.840879394413825,5.530517524153119
10135.135135135135,5.0,3.0026720372525393,-44.32125354750963,4.525200779696528
10160.160160160161,5.0,2.4721610762161346,-48.71009211449753,0.5
10185.185185185186,5.0,4.812178032675501,-46.559652416256945,2.9805632798957693
10210.21021021021,5.0,3.354468741538904,-46.06562728708662,2.9194457711132085
10235.235235235235,5.0,3.4134477009500763,-45.24293194388216,0.5
10260.26026026026,5.0,4.678170929094862,-44.912654496469465,2.9295961793438132
10285.285285285287,5.0,4.062101124637645,-49.66595958394903,5.081174184715302
10310.310310310311,5.0,3.9833288362839046,-50.85230244385608,0.5
10335.335335335336,5.0,5.352121996040987,-43.985487624933405,0.5
10360.36036036036,5.0,3.106807037317507,-46.51155731239336,3.5031437965741157
10385.385385385385,5.0,4.365395225588113,-49.376221346396385,1.2590477960726627
10410.410410410412,5.0,3.6702351245422924,-43.78978772886136,2.0934627596999293
10435.435435435436,5.0,3.840999949216732,-47.54114374459818,1.4553423909216556
10460.460460460461,5.0,4.850402368757653,-45.04475003283343,1.6002711948780655
10485.485485485486,5.0,4.035397734160828,-47.986859452130375,0.5
10510.51051051051,5.0,4.061267493870337,-43.166448506113355,3.5595542147429633
10535.535535535537,5.0,4.490138001979974,-44.09262887487298,3.9211783877497024
10560.560560560561,5.0,3.3416714499993256,-49.26605401484132,0.5
10585.585585585586,5.0,2.96376740126393,-46.37737892892042,0.5
10610.61061061061,5.0,2.8007892814198097,-47.3555290950061,0.5
10635.635635635635,5.0,2.0650528666373367,-45.71005273780075,1.935039649106906
10660.660660660662,5.0,5.284605343591897,-51.706602945744564,2.1035699358032725
10685.685685685687,5.0,2.7585744485637944,-47.74182830696086,0.5
10710.710710710711,5.0,3.465639743774025,-46.973558402495655,3.750883354029914
10735.735735735736,5.0,3.422693504233008,-54.17913099834007,0.5
10760.760760760762,5.0,3.8915710038929263,-52.90309122660939,2.062303340740252
10785.785785785787,5.0,4.299736917178585,-55.20568805200787,0.5
10810.810810810812,5.0,4.337027439336445,-50.94378735638167,0.5
10835.835835835836,5.0,3.1836881992949992,-48.63907729344302,0.5
10860.860860860861,5.0,3.5179542806225226,-46.83970296535553,1.0264205333889387
10885.885885885888,5.0,3.879217113543793,-50.573021307208826,0.5
10910.910910910912,5.0,3.455701753707817,-46.84938205699269,0.5
10935.935935935937,5.0,4.942032616972151,-54.53383722912082,2.815725371679874
10960.960960960962,5.0,4.0504376189682585,-55.50470234463413,0.5
10985.985985985986,5.0,4.247061387999014,-51.54777815615046,0.5
11011.011011011013,5.0,4.190965675594591,-50.5178143556297,5.5738983940987605
11036.036036036037,5.0,4.600941248150423,-51.50966479816316,4.465465862769547
11061.061061061062,5.0,3.808480910626629,-56.54648312797757,0.5
11086.086086086087,5.0,2.627699606800488,-51.5506279266098,2.3822911285145625
11111.111111111111,5.0,3.9864170280687805,-54.53895152903991,0.5
11136.136136136138,5.0,3.147082653134705,-49.55354635565263,1.0958895769565056
11161.161161161162,5.0,3.2467763242698644,-50.26118206243556,1.1843024571370022
11186.186186186187,5.0,4.1402623861752454,-53.477327093446014,0.5
11211.211211211212,5.0,4.663299129819581,-52.36224487091931,0.5
11236.236236236236,5.0,3.6911914355630238,-53.675561332249906,0.5
11261.261261261263,5.0,3.9227420857548467,-51.1341752206604,0.5
11286.286286286288,5.0,5.038949132885367,-48.53957162617433,0.5
11311.311311311312,5.0,3.871281222269533,-53.341692493216236,0.5
11336.336336336337,5.0,5.761526671524496,-49.56721103853271,0.5
11361.361361361362,5.0,4.134089398186918,-52.10292132320838,2.319055052396
11386.386386386388,5.0,2.274572975858529,-52.709409307883085,4.731243945029139
11411.411411411413,5.0,4.287357981568311,-50.94475307706357,0.5
11436.436436436437,5.0,3.9911128940924083,-53.21523293317556,0.9810582888619208
11461.461461461462,5.0,4.719489890953884,-51.96120034044503,1.7586317598045218
11486.486486486487,5.0,4.227734270205156,-53.52172175849915,1.6723555238801922
11511.511511511513,5.0,3.5799259035036717,-45.565164144685994,0.5
11536.536536536538,5.0,2.7127536031607,-50.3387680469976,2.478060437308073
11561.561561561562,5.0,3.5264750878648736,-52.12619064685834,1.6936512372286083
11586.586586586587,5.0,3.014778831827755,-49.79187704999127,0.5
11611.611611611612,5.0,3.2322779368529186,-50.557596901003855,2.8482704553537093
11636.636636636638,5.0,4.169060921734686,-50.77915072555978,2.8996805046496155
11661.661661661663,5.0,5.035623303180825,-48.64125992656811,0.5
11686.686686686688,5.0,4.016938425059586,-48.232857351508365,0.5
11711.711711711712,5.0,2.745996253074555,-51.4028294456029,2.2790337116234154
11736.736736736737,5.0,4.059886338780317,-51.46607212813822,0.5
11761.761761761763,5.0,4.663010895022227,-50.66410571935558,3.4423201021869936
11786.786786786788,5.0,3.2193808837517013,-55.68122933826539,7.312225737418053
11811.811811811813,5.0,3.6014949753703744,-53.66435403187276,0.5
11836.836836836837,5.0,3.721960765993568,-46.409140657715014,0.5
11861.861861861862,5.0,3.08379306124592,-45.663856992523066,1.1239364489961967
11886.886886886889,5.0,4.231837560288301,-50.34881632511717,2.374526074759162
11911.911911911913,5.0,3.6179561958284894,-48.23478376853676,0.5
11936.936936936938,5.0,4.051842171341838,-48.848000739767286,4.564434495354726
11961.961961961963,5.0,3.0077239754760376,-41.87887405493798,0.5
11986.986986986987,5.0,3.369252578960491,-46.72708874743958,2.2783504912018024
12012.012012012014,5.0,4.298625806982938,-49.79576995467789,0.5
12037.037037037038,5.0,3.4239557005488086,-51.814777027426985,5.352795460474451
12062.062062062063,5.0,5.105294804710448,-53.39199167651981,6.169787268927828
12087.087087087088,5.0,3.405516276733543,-48.817166736157766,0.5
12112.112112112112,5.0,3.9064745073282356,-51.166652638986534,0.5
12137.137137137139,5.0,4.4743008937267,-52.78135999971991,2.763922370179543
12162.162162162163,5.0,2.5950371433833044,-50.79210788628199,0.5
12187.187187187188,5.0,2.3225841816466106,-51.82949563466161,0.5
12212.212212212213,5.0,2.5122076810766565,-44.85772148789417,0.5
12237.237237237237,5.0,4.74430151697598,-46.821426133151895,0.5
12262.262262262264,5.0,3.2942492190217783,-48.995407078767016,0.5
12287.287287287289,5.0,5.783796665771839,-45.22556507820036,0.5
12312.312312312313,5.0,3.287340659812828,-48.681954606256326,0.5
12337.337337337338,5.0,3.8878812827978697,-50.97853582864598,4.498417769018039
12362.362362362363,5.0,4.975429703796043,-44.967465082101135,0.5
12387.387387387389,5.0,5.348117553770542,-47.37795011601358,2.602997103219878
12412.412412412414,5.0,5.393947606053863,-51.26829056099131,0.5
12437.437437437438,5.0,4.71293923072076,-49.100971820334145,0.5
12462.462462462463,5.0,4.566997768396917,-50.76412070853697,2.5284779712047047
12487.487487487488,5.0,4.223270808610196,-51.982024352435865,1.175559436555372
12512.512512512514,5.0,4.373439611684061,-46.15953110614586,1.8653121453786778
12537.537537537539,5.0,3.3113036791894257,-43.6513833237496,3.0561187647162145
12562.562562562563,5.0,3.099194647015908,-51.87129380942273,0.5
12587.587587587588,5.0,3.7525556893264933,-46.917401733098394,0.5
12612.612612612613,5.0,3.6206090587368145,-49.90138119757935,0.5
12637.63763763764,5.0,3.3956758187964384,-49.44253818413647,0.5
12662.662662662664,5.0,4.316869717725132,-49.65565948527184,8.989656305549161
12687.687687687689,5.0,4.52550542811767,-50.28460154882416,3.8746414263512277
12712.712712712713,5.0,3.8334882717962406,-47.953270504712506,0.5
12737.737737737738,5.0,4.946288329108474,-50.101899815552116,0.5
12762.762762762764,5.0,2.852414474458962,-47.29833241002487,1.5810208221087927
12787.787787787789,5.0,3.612339699843493,-48.050019698047265,1.7755331086555073
12812.812812812814,5.0,3.1953109122865246,-48.47174449154039,1.7787272408457513
12837.837837837838,5.0,2.277040976611822,-50.09323347942832,0.5
12862.862862862863,5.0,3.7056272230976126,-49.216202600695105,0.5
12887.88788788789,5.0,3.6758752665666465,-45.835746159659834,1.1108484078104253
12912.912912912914,5.0,4.98553456936848,-46.421881205113216,0.5
12937.937937937939,5.0,4.280925623920099,-50.0680122361205,0.5
12962.962962962964,5.0,2.9584283183144136,-47.32574331050101,0.5
12987.987987987988,5.0,5.262553332346631,-45.64555621559455,0.5
13013.013013013015,5.0,4.757607737201063,-51.647487176777396,0.6451293616012638
13038.03803803804,5.0,4.247960445057175,-46.06552344297408,9.073786244051904
13063.063063063064,5.0,3.6025965047039183,-49.030433271238486,1.2189868401480275
13088.088088088089,5.0,3.017733895906501,-45.89732715234092,0.5
13113.113113113113,5.0,3.4890213659299447,-49.18192166513007,2.87906607686367
13138.13813813814,5.0,4.659287184051637,-51.73592897538502,1.5603119013329654
13163.163163163164,5.0,5.297458834537477,-51.24252976838157,1.3711359539812673
13188.188188188189,5.0,5.025886113909042,-47.00341125697017,1.9300258608134508
13213.213213213214,5.0,3.4017132553637732,-46.424267319269866,6.277743514006594
13238.238238238238,5.0,2.8986003476630855,-49.28431508628454,0.5
13263.263263263265,5.0,3.908504793324759,-45.376992326530036,1.5263370962342468
13288.28828828829,5.0,2.382545804847016,-51.07722357909582,0.5
13313.313313313314,5.0,4.057332970146624,-47.03857286999166,1.7693728870948708
13338.338338338339,5.0,3.6822182312613654,-49.850863822729465,0.5
13363.363363363364,5.0,3.4289726003072083,-48.402863542778675,0.5
13388.38838838839,5.0,2.527540849489867,-46.604726544932184,0.5
13413.413413413415,5.0,4.215684890060578,-48.82420658638305,3.025264890748748
13438.43843843844,5.0,3.380145634576777,-47.58451198369769,2.851961781720569
13463.463463463464,5.0,2.8718743392395774,-44.057341050036975,0.5
13488.488488488489,5.0,1.51149953868399,-47.965252696830895,0.5
13513.513513513515,5.0,3.788798886770302,-44.38374269281012,0.5
13538.53853853854,5.0,5.2301135896481075,-49.24719005956697,0.5
13563.563563563564,5.0,5.14282118545211,-45.04836242808466,0.5
13588.58858858859,5.0,3.4496383100462977,-42.71890127117807,0.5
13613.613613613614,5.0,3.3350471685273924,-52.451884023091,7.3686470301728235
13638.63863863864,5.0,4.193337723178337,-48.214960861398914,1.386276619169196
13663.663663663665,5.0,3.0211114684691864,-44.72999235472132,0.5
13688.68868868869,5.0,4.062754841176894,-46.630236087730104,0.5
13713.713713713714,5.0,4.435687045530575,-45.14470788914429,3.148327166767313
13738.738738738739,5.0,4.805870903431771,-47.53248548931207,6.348458891938052
13763.763763763765,5.0,3.7457025646418636,-45.75599800379022,0.5
13788.78878878879,5.0,3.6643883271857547,-46.31161551090262,0.5
13813.813813813815,5.0,3.12644275942358,-42.95291721822285,5.692963424678916
13838.83883883884,5.0,3.168826047098442,-45.18627021406929,1.247914821867083
13863.863863863864,5.0,3.6506487183106104,-44.92826561708427,0.5
13888.88888888889,5.0,4.127225738786276,-46.75191463752839,1.6810053164260401
13913.913913913915,5.0,4.565702535821434,-46.8911877323534,0.5
13938.93893893894,5.0,3.1937931757920603,-46.70351759167117,0.5
13963.963963963964,5.0,5.031988693005455,-44.585941716126335,1.0577404133328407
13988.98898898899,5.0,3.6224404585052845,-46.57448322407268,2.846163713171371
14014.014014014016,5.0,3.823747005362092,-44.74753482973094,0.5
14039.03903903904,5.0,3.2445729990240837,-40.233419925308326,0.5
14064.064064064065,5.0,1.9044516356254904,-43.194060113292636,0.5
14089.08908908909,5.0,4.552581662434185,-46.13688065224142,0.8359235869949782
14114.114114114114,5.0,4.436321964520793,-42.26873696636191,0.5
14139.13913913914,5.0,3.623286302653778,-46.2419101542756,0.5
14164.164164164165,5.0,3.9034424236297474,-50.266983009616304,0.5
14189.18918918919,5.0,4.264102725514631,-47.64183739891513,2.0197748875311836
14214.214214214215,5.0,2.6028161673436188,-49.748551374136206,2.6408942782378255
14239.23923923924,5.0,3.4311122124773186,-45.90030523162479,0.5
14264.264264264266,5.0,4.491267599553318,-44.92542552349759,0.5
14289.28928928929,5.0,2.853925818821958,-40.730328140733214,0.5
14314.314314314315,5.0,4.093705204592162,-44.05405293696096,0.5
14339.33933933934,5.0,2.775094916661636,-45.36907264334348,0.5
14364.364364364365,5.0,4.235005847808683,-42.697757318312554,7.923179877597034
14389.389389389391,5.0,3.8348501775253765,-50.24905949374093,0.5
14414.414414414416,5.0,2.5727594121404573,-44.08213477589975,4.451829664539202
14439.43943943944,5.0,4.798157849932103,-42.6939581364037,3.0491369249905715
14464.464464464465,5.0,3.2801946064294283,-48.26753668552067,0.8997416429165775
14489.48948948949,5.0,3.221167419757865,-41.6616359130037,5.332974761419602
14514.514514514516,5.0,4.031326228655625,-43.62472995223493,1.1727195479887105
14539.53953953954,5.0,4.791282251915344,-45.45914070567292,1.223179369262582
14564.564564564565,5.0,3.0612164186911563,-42.788916205605155,0.5
14589.58958958959,5.0,3.9247192552537524,-38.644088676309835,3.72503178810551
14614.614614614615,5.0,4.219930077141336,-43.81610513312453,3.3430573332485576
14639.639639639641,5.0,4.432862864188894,-43.60016925496988,0.5
14664.664664664666,5.0,4.02103312410166,-45.319072919521275,0.5
14689.68968968969,5.0,3.5877591101147237,-46.2452315442826,0.5
14714.714714714715,5.0,3.220810706363907,-41.99473102920995,0.5
14739.73973973974,5.0,3.9532994908214842,-46.16073008529269,0.5
14764.764764764766,5.0,3.0281746762974002,-43.79155487742199,3.76208376393486
14789.789789789791,5.0,1.5503070005917015,-45.11456403733321,0.5
14814.814814814816,5.0,4.238136732215023,-42.672920806004385,0.5
14839.83983983984,5.0,4.613538263259347,-42.98616505710295,0.5
14864.864864864865,5.0,2.0015459434584213,-41.17642040962553,2.5926323567604426
14889.889889889891,5.0,3.0856088296254436,-44.99526121735708,0.5
14914.914914914916,5.0,4.390218303699053,-44.34485750840359,0.5
14939.93993993994,5.0,5.542392772165755,-46.06702940957589,0.6794467098062993
14964.964964964965,5.0,3.914532864038224,-44.680803220260344,3.6452655407737895
14989.989989989992,5.0,3.316997046416092,-42.576768787407886,0.5
15015.015015015017,5.0,3.754583748017029,-41.577498428356584,0.5
15040.040040040041,5.0,5.00230353772095,-45.72533323036399,1.9025040748943634
15065.065065065066,5.0,3.3871325606042757,-41.19585506960571,0.5
15090.09009009009,5.0,3.2660518000852026,-39.93072517280744,0.5
15115.115115115117,5.0,3.520712089161281,-42.23618251171052,0.5
15140.140140140142,5.0,3.1457455218014387,-38.527730188324554,0.5
15165.165165165166,5.0,4.008046162705746,-45.1041426674286,0.5
15190.190190190191,5.0,5.21115417818706,-46.23125637789816,0.5
15215.215215215216,5.0,4.171376331405736,-47.51637019183026,2.7309312819126395
15240.240240240242,5.0,3.7125316127133847,-39.27940874079656,3.863863756692815
15265.265265265267,5.0,3.682466900783481,-41.333555328584325,1.9933166918775975
15290.290290290292,5.0,2.6668647704600916,-43.05838109669555,0.5
15315.315315315316,5.0,4.625406740636646,-42.16944780356982,0.5
15340.34034034034,5.0,3.8581506628101785,-45.63304193756526,0.5
15365.365365365367,5.0,3.777537991049422,-36.6548893202272,1.8332421468939424
15390.390390390392,5.0,6.4779094776993125,-42.39616626428114,2.0414221193150826
15415.415415415417,5.0,4.163927251617474,-42.395682182656934,0.5
15440.440440440441,5.0,3.3249935863502786,-40.80470255937239,0.5
15465.465465465466,5.0,3.586841850963493,-41.366545989727285,1.4069008036962651
15490.490490490492,5.0,4.8481859967868335,-41.95930895832118,4.402090605839684
15515.515515515517,5.0,4.021547259361142,-44.445155107582245,2.1477127292729157
15540.540540540542,5.0,2.7818100497785387,-41.24024802607893,2.4009379957693127
15565.565565565566,5.0,4.669317081594096,-37.66380762768128,0.5
15590.590590590591,5.0,3.40092016700424,-38.95526870343137,4.26431081183213
15615.615615615618,6.486571940052667,5.435575157910973,-38.285802202170274,1.2618122521724704
15640.640640640642,5.0,4.802476891010158,-43.496757909796685,0.5
15665.665665665667,5.0,3.582082423412939,-44.642680719315116,4.241829963793891
15690.690690690692,5.0,4.966254530829532,-42.43308591886774,2.125035446238722
15715.715715715716,5.0,3.9972273513648653,-41.929256287846826,0.5
15740.740740740743,5.0,4.62666338454222,-39.283039722341144,0.5
15765.765765765767,5.0,4.333732199781526,-46.199630042755516,0.919898173455745
15790.790790790792,5.0,3.2703621234547486,-38.09454261976688,1.4193507541415915
15815.815815815817,5.0,3.434109083094979,-42.26338811481584,0.6213026606066026
15840.840840840841,5.0,4.774419104515379,-42.885520993186866,0.9629859864764903
15865.865865865868,5.0,3.6841316862667193,-44.298529206418685,5.12857074208578
15890.890890890892,5.0,3.630534682859856,-45.855359897882636,3.242971220469627
15915.915915915917,5.0,3.1908568914754727,-39.61024170826338,0.5998961202969597
15940.940940940942,5.0,4.295335708931225,-41.43482320014711,2.8515730536936257
15965.965965965966,5.0,5.607977893352474,-44.792970317420696,0.5
15990.990990990993,5.0,3.1054331280560414,-44.75571494817705,1.2207393201843735
16016.016016016018,5.0,3.9803365262991677,-42.30742971619328,5.454542006650772
16041.041041041042,5.0,5.092238906794806,-37.24536410469444,0.5
16066.066066066067,5.0,3.900250850967392,-42.01684624627688,0.5
16091.091091091092,5.0,4.327362902465253,-45.075675200613084,0.5
16116.116116116118,5.0,3.117052144449463,-41.88212542798263,0.5
16141.141141141143,5.0,4.311114146234587,-41.8995266420869,0.5
16166.166166166167,5.0,3.820254557966331,-47.9098842750216,0.5
16191.191191191192,5.0,4.760055468015362,-41.253354783912144,0.5
16216.216216216217,5.0,4.922881814224774,-41.64490389308926,0.5
16241.241241241243,5.0,6.046125388089366,-39.27700160548397,2.730619046584532
16266.266266266268,5.0,4.439682514546837,-36.3450772301041,0.5
16291.291291291293,5.0,4.238114530743211,-38.10100484354802,4.581051399480923
16316.316316316317,5.0,4.134486420240847,-41.539589093754444,1.5552874170461533
16341.341341341342,5.0,3.6979474462319297,-43.583632089171495,3.114368018327997
16366.366366366368,5.0,4.252769056751335,-34.33386775914261,0.5
16391.391391391393,5.0,3.74716235537226,-40.56917113218099,2.5856427460340985
16416.416416416418,5.0,4.119753766000676,-40.632343937384796,0.5
16441.441441441442,5.0,5.040564514972854,-40.67742983489212,2.6922641909842118
16466.466466466467,5.0,3.182753935764275,-40.071855165147426,0.5367720952037849
16491.49149149149,5.011211930925722,4.901392338392726,-40.87791804682688,1.6807434507706849
16516.516516516516,5.0,5.044683044862883,-41.90112198416755,0.5
16541.54154154154,5.0,3.8980376708996296,-41.7840642700179,0.5
16566.56656656657,5.0,2.2965100747871183,-40.44875004240685,1.8119011452120624
16591.591591591594,5.0,3.50923790581995,-41.675378744651226,0.5
16616.61661661662,5.0,5.034592634245884,-42.048881223459674,1.4093357264007
16641.641641641643,5.0,3.980204048659393,-39.95064114748697,0.5
16666.666666666668,5.0,3.2005582141640714,-40.8041097102188,2.563752196113566
16691.691691691693,5.0,3.5976815645189277,-36.35663414515989,0.5
16716.716716716717,5.0,4.675499024206645,-46.693991087549094,1.6756541223377186
16741.741741741742,5.0,4.441891359065608,-37.28774938671036,1.8954139087183954
16766.766766766767,5.0,3.8148603266702503,-36.851253485222394,0.5
16791.79179179179,5.0,3.7140479780557576,-45.09989199743679,1.7641430692122515
16816.81681681682,5.0,3.6956024897739517,-40.723085351567235,0.7991655479891322
16841.841841841844,5.0,3.272582362911708,-40.74491848130579,0.5
16866.86686686687,5.0,5.304312563587565,-43.285045503060815,0.5
16891.891891891893,5.0,3.755657138144442,-41.6607579351934,0.5
16916.916916916918,5.0,4.988741831675412,-42.442605779830735,1.0659180441286467
16941.941941941943,5.0,5.233569358054478,-35.23544000755706,0.5
16966.966966966967,5.0,4.816666736536386,-37.22687008319741,0.5
16991.991991991992,5.0,3.674223269345081,-36.33712827853062,0.5
17017.017017017017,5.0,4.344005093290308,-37.661785805857875,2.053567886381396
17042.04204204204,5.0,4.003166037409789,-42.23854534395899,0.5
17067.06706706707,5.0,3.3010625354399217,-40.67716653156529,0.5
17092.092092092094,5.0,4.285012950902808,-38.09237941274601,2.2111570634955884
17117.11711711712,5.0,3.083795194099185,-42.32108528799563,1.0205257433160164
17142.142142142144,5.0,4.978672039297781,-37.43321964028474,0.9636286365771773
17167.16716716717,8.457998183693217,3.6583361921913156,-39.766479161061,1.4227750170649596
17192.192192192193,5.0,4.192459256229803,-40.0526676344896,0.5
17217.217217217218,5.0,4.259663330269946,-37.288165645056836,2.284968256063581
17242.242242242242,5.0,3.827410555571273,-37.90485723680042,1.8518270260621663
17267.267267267267,5.0,4.505391077216255,-39.86788088001316,0.5
17292.292292292295,5.0,3.657614612239518,-36.01709090700479,0.5
17317.31731731732,5.0,4.736076877004835,-41.56802368436511,0.5
17342.342342342345,5.0,2.9637567963431417,-37.275476297954654,0.5
17367.36736736737,5.0,4.143145705679172,-37.28251212034431,1.0151259935685963
17392.392392392394,5.0,5.594686742790172,-39.489081313500186,4.3074779996869355
17417.41741741742,5.0,3.2447799853605854,-37.84983260955987,3.2585114920148537
17442.442442442443,5.0,3.5043505701266655,-41.74289905607837,0.5
17467.467467467468,5.0,4.45917432777518,-36.25499751704781,1.8790947690867412
17492.492492492493,5.0,4.193214975101228,-38.97727035612249,3.9995245400238972
17517.517517517517,5.0,4.331555130469898,-39.77177251626256,1.1729919189585927
17542.542542542546,8.12240513060624,4.443902256670683,-35.79239185032269,3.2853513753740198
17567.56756756757,5.0,4.56183122890347,-40.125724091221755,6.0490671228309765
17592.592592592595,5.0,4.943315429120534,-41.83596805572371,3.083232028789427
17617.61761761762,5.0,4.384911982599867,-42.156337698574525,0.7598786771009457
17642.642642642644,5.0,3.865552434863725,-36.69968983635061,3.1470696835416905
17667.66766766767,5.0,4.598119021022245,-41.365738045905374,0.5
17692.692692692694,9.123975012589469,5.581467109477734,-33.727629159653695,0.5
17717.71771771772,5.0,3.956956065957004,-43.26938808427387,0.5
17742.742742742743,5.0,3.2849411208280515,-33.77337359378942,4.701468075191463
17767.767767767768,5.0,4.951730601495644,-37.43692079645792,0.5
17792.792792792796,5.0,3.971262636404689,-38.15619719409039,4.608053678413883
17817.81781781782,5.0,2.33093343225784,-39.226662081386735,1.5104067109351458
17842.842842842845,5.0,4.748507912290908,-36.81647402843413,0.5
17867.86786786787,5.0,3.643809523308934,-37.85835102032638,1.113494947745439
17892.892892892894,5.0,4.001146947730246,-34.95595950917291,0.5
17917.91791791792,17.57716345029342,4.340659339530287,-37.37859504250906,1.8868104537877572
17942.942942942944,11.630800661322938,4.22897632039983,-37.23835971045942,2.665852945398587
17967.96796796797,5.0,4.6456395317893096,-38.4730945945987,0.5
17992.992992992993,5.0,3.7311904831237053,-37.65637807331669,0.5
18018.018018018018,5.0,4.4915657196219465,-36.69445954173381,5.872256541023066
18043.043043043046,5.0,3.8749452405154488,-41.689334895555476,0.5
18068.06806806807,5.0,4.675132468794087,-40.734327419128135,0.5
18093.093093093095,5.0,4.577879572796028,-35.45565357875702,4.454413978766217
18118.11811811812,5.0,3.338736125451411,-36.83660016844391,5.897068162553078
18143.143143143145,5.0,4.957374281528615,-37.67367205459541,0.5
18168.16816816817,5.0,3.6613193339988515,-37.11757883100018,3.0434656894916605
18193.193193193194,5.0,4.738037830216508,-36.24465935020943,4.033391466571703
18218.21821821822,5.0,4.386922943814166,-38.41296276433697,0.5
18243.243243243243,5.0,5.565141536030692,-38.9592753270193,0.5
18268.268268268268,5.0,3.917323310198614,-36.473850325719255,3.7012570204243502
18293.293293293296,5.0,3.8181441607030395,-39.35934535745099,5.06356896357881
18318.31831831832,5.0,4.083563414388913,-35.84273147407718,1.6970626893627307
18343.343343343346,5.0,3.85805677433318,-41.06977232390791,0.5
18368.36836836837,5.409524393366011,4.742055623655743,-34.190374169949145,5.9693953452016775
18393.393393393395,5.0,2.8105551168543337,-35.531719507180604,0.5
18418.41841841842,5.0,3.262159169788022,-36.02308882737847,0.5
18443.443443443444,5.0,3.2523642693432526,-34.15638565324933,1.0349229688512558
18468.46846846847,5.0,4.868354181686969,-32.39937695190662,4.670292376832465
18493.493493493494,5.0,5.47810030767515,-33.97708785046768,2.569641916597831
18518.51851851852,5.0,4.027551736281134,-41.065148541292075,1.2522145680203662
18543.543543543547,5.0,3.977555234060604,-39.61185532975216,1.39738893000517
18568.56856856857,5.0,4.170155844604659,-37.924909307102055,0.5
18593.593593593596,5.0,5.045118257702168,-36.24758518728572,1.681755947667531
18618.61861861862,5.0,3.375234609764658,-34.968615211589956,0.5
18643.643643643645,5.0,4.309313804806447,-38.02707224559637,0.5
18668.66866866867,5.0,4.900278223946064,-35.695745751469964,0.7310328861457825
18693.693693693695,5.0,4.522496957573498,-38.001069943495914,0.5
18718.71871871872,5.0,4.274788416402117,-37.591357070042434,1.1658623754835709
18743.743743743744,5.0,4.925461498678338,-39.52916525463307,0.5
18768.76876876877,5.0,1.9635402917267357,-38.270545577739725,5.273149174266329
18793.793793793797,5.0,4.669927883252353,-39.29162392645324,4.72569766888927
18818.81881881882,5.0,3.60586858262719,-38.30204549480569,0.5
18843.843843843846,5.0,2.666124313145465,-33.17820782079271,0.5
18868.86886886887,5.0,4.5410942117521165,-38.13575948434211,0.5
18893.893893893895,5.0,5.2325604697640005,-29.13125705011873,0.5
18918.91891891892,5.0,4.025176323432982,-34.428867409959935,0.5913108492099431
18943.943943943945,7.099779856974105,4.898936274398988,-35.150021802874925,0.5
18968.96896896897,5.0,5.427960744529054,-37.707956512515096,0.5
18993.993993993994,5.0,5.191571202506878,-33.76123731348953,1.8741398275410974
19019.01901901902,5.0,5.453112764638255,-36.9010565275564,1.89452022462153
19044.044044044047,5.0,4.736344635500156,-35.1068873752985,0.5
19069.06906906907,5.0,4.204491055265419,-28.961650516189867,2.691851170910955
19094.094094094096,5.0,2.8640729961279106,-35.551961561123434,0.5
19119.11911911912,5.0,3.9502971566431886,-32.388578446047575,0.7651376223843263
19144.144144144146,5.0,3.474051372395696,-36.96965277452642,2.4666037914805474
19169.16916916917,5.0,5.886904324148401,-35.24913288790406,0.5
19194.194194194195,7.811497912283101,4.010943001705782,-30.684610022522833,1.3696567869900231
19219.21921921922,5.0,4.251716998580742,-36.62897920603098,0.5
19244.244244244244,5.0,4.595842955487029,-30.480390116519192,0.5
19269.26926926927,5.0,4.191038113254119,-33.19208162282277,0.5
19294.294294294297,5.0,5.51369849000226,-36.31757835114708,0.5
19319.319319319322,5.0,3.661039669771598,-33.28034201372256,0.5
19344.344344344347,5.0,4.316346624850454,-32.37992518724448,0.5
19369.36936936937,5.0,3.5681856936037235,-33.20673635571826,0.5
19394.394394394396,5.0,3.1076456546870994,-38.63677301093735,0.5
19419.41941941942,5.0,3.675749892440937,-36.47900410072333,0.5
19444.444444444445,5.0,4.137037229027937,-35.22990769998987,0.5
19469.46946946947,5.0,3.82472638855436,-34.747144633811175,0.5
19494.494494494495,5.0,3.615732885770585,-32.95933076713431,1.443000982706027
19519.51951951952,5.0,3.0461172002337036,-34.016708458627825,2.628169501531611
19544.544544544548,5.0,4.106188214569717,-37.749271807686156,0.5
19569.569569569572,5.0,2.9703978749493727,-33.41036623334595,0.5
19594.594594594597,5.0,4.783720446627358,-32.78434644760125,0.5
19619.61961961962,5.0,4.24312897952478,-32.861284640933164,0.5
19644.644644644646,5.0,3.0126374791067345,-31.50875889682415,0.5
19669.66966966967,5.0,3.9328129185402894,-32.075855274288394,0.5
19694.694694694695,5.0,3.5799565572092154,-32.96266041253951,0.5
19719.71971971972,5.0,4.438522791518527,-34.23597483920718,0.5
19744.744744744745,5.0,5.257045041503201,-38.16291284430049,0.5484062776115066
19769.76976976977,5.0,2.6860482104695897,-32.88641491262899,1.7891635046075707
19794.794794794798,5.0,4.279708551005621,-33.39119119250263,0.5
19819.819819819822,5.0,4.061082952735877,-33.18141326737192,0.5
19844.844844844847,5.0,4.727762751851063,-37.00218174986108,0.5
19869.86986986987,5.0,4.362749494782344,-36.46290161128091,0.5
19894.894894894896,5.0,3.5921182283026387,-31.077328076877947,0.5
19919.91991991992,5.0,3.9399520466619005,-33.759048044801794,1.7231638099702957
19944.944944944946,5.0,3.559876011253906,-31.906358366678546,0.5
19969.96996996997,5.0,5.059003909077076,-33.48926411973391,0.5
19994.994994994995,5.0,4.216749018637254,-33.43561966127064,0.9069631124134618
20020.02002002002,5.0,5.722153749803606,-31.114250445019966,0.5550993684062301
20045.045045045048,5.0,4.154174051651006,-34.70002173045334,8.082652098960201
20070.070070070073,5.0,3.6374787906758344,-33.11955791750739,1.0529070242815433
20095.095095095097,5.0,2.9947341916154437,-34.46549803157241,0.5
20120.120120120122,5.0,2.7646954662024514,-34.34600032834055,0.5
20145.145145145147,5.0,2.941399954304317,-33.9826400183813,0.5
20170.17017017017,5.0,4.423911531019397,-32.60432523057537,0.5
20195.195195195196,5.0,4.618691730295659,-34.3064811637683,0.5
20220.22022022022,5.0,2.948260651587506,-29.920169245625758,2.7494241329845512
20245.245245245245,5.0,4.930745365975607,-35.24602776505827,0.5
20270.27027027027,5.0,3.8297673748694643,-33.42663856986286,0.5
20295.2952952953,5.0,4.3351521273061575,-34.00873705509484,0.5
20320.320320320323,5.0,5.508995721823559,-29.24191464847502,5.21964854136029
20345.345345345348,5.0,4.938192173413146,-32.317922368030366,0.5
20370.370370370372,5.0,4.007397703897556,-30.179647910587665,5.500689137584615
20395.395395395397,5.0,3.510769943391494,-36.42311014180164,2.4454357659213977
20420.42042042042,5.0,2.503772904161781,-31.991533494486013,1.4491436006311633
20445.445445445446,5.0,3.6514040713327907,-30.385032120050514,1.1091062604723436
20470.47047047047,5.0,4.059324037166072,-32.3533490858705,1.1842625681693952
20495.495495495496,5.0,3.4399861080087826,-29.845308071345627,0.5
20520.52052052052,5.0,4.126225657557387,-33.75218008420989,0.5
20545.54554554555,5.0,4.294214239099747,-28.88554030844495,2.538238826473174
20570.570570570573,5.0,4.054349448787772,-26.611613549810727,0.5
20595.595595595598,5.0,3.7157336710769675,-33.21590520990795,0.5
20620.620620620623,5.0,4.37216097481062,-33.37251506226069,0.5
20645.645645645647,5.0,4.592291258394266,-28.575247515914455,5.114946483660693
20670.670670670672,5.0,3.367920978285963,-28.20972829433187,3.7432723794243214
20695.695695695696,5.0,5.370487645538758,-33.41575867649178,0.5
20720.72072072072,5.0,4.1643727374158335,-33.1090256012982,2.8568808746973393
20745.745745745746,5.0,4.259824443100623,-32.71297003065978,0.5
20770.77077077077,5.0,4.812817784851491,-35.31958473604415,0.5
20795.7957957958,5.0,4.434320652758549,-34.2050382746189,0.5
20820.820820820823,5.0,5.011758556379846,-34.36871027523852,4.691075690464433
20845.845845845848,5.0,4.48045008291221,-33.72780222106862,0.5
20870.870870870873,5.0,3.762302352539902,-31.84497047672521,0.5
20895.895895895897,5.0,4.5429565739186355,-31.122671376866904,0.5
20920.920920920922,5.2434620747264375,3.340274289398726,-27.781906926122964,5.714701531863015
20945.945945945947,5.0,4.3436045213779755,-34.103993209955085,4.880140012171865
20970.97097097097,5.0,4.231674265742689,-29.097252061866595,6.658575823720041
20995.995995995996,5.0,4.093266273941728,-32.04298011857178,0.5
21021.02102102102,5.0,4.158431252110116,-31.58161723208904,0.8890533496718329
21046.04604604605,5.0,2.7572835263646516,-29.72085917749139,0.5
21071.071071071074,5.0,3.825284338071495,-34.1646629117636,4.432929287067616
21096.0960960961,5.0,4.340041686678657,-30.351783442347674,0.5
21121.121121121123,5.0,4.395152380865188,-30.841627237225115,0.6524001567693577
21146.146146146148,5.0,3.4466286560280026,-29.976579547687333,0.5
21171.171171171172,5.0,5.2828365429620305,-30.43473604788811,0.5
21196.196196196197,5.0,3.5788318932001713,-24.969357257830367,0.5
21221.22122122122,5.0,5.048839033694662,-32.651907518185844,0.5
21246.246246246246,5.0,4.616530264272122,-32.334999895012054,0.5
21271.27127127127,5.0,3.7592944284012333,-32.51530877351937,0.5
21296.2962962963,5.0,5.698026491865387,-32.296100205308036,2.501901317157686
21321.321321321324,5.0,3.3243698138740956,-32.45082517562365,0.5
21346.34634634635,5.0,5.016104119668782,-27.83476597953842,0.6634769156533922
21371.371371371373,5.0,5.082748136716665,-27.205996637282617,3.655707054838697
21396.396396396398,5.0,3.7472876165224682,-32.1340729415809,0.5
21421.421421421423,5.0,5.399257525336749,-32.738046089917724,0.5
21446.446446446447,5.0,4.086749575107625,-29.428568216141095,0.5
21471.471471471472,5.0,4.5192431917121745,-31.937614667759483,3.5409159053572683
21496.496496496497,5.0,4.498047260806766,-28.92467746261823,0.5840415335217893
21521.521521521525,5.0,4.183844298114853,-29.9496494048287,0.5
21546.54654654655,5.0,4.941439411320618,-34.19626719439998,1.453306118890102
21571.571571571574,5.0,4.929085270736065,-26.488093853531698,0.5
21596.5965965966,5.0,2.8969702172052507,-25.817112624067995,2.045713271075558
21621.621621621623,5.0,5.340769491599819,-31.788728482967716,1.22743633558826
21646.646646646648,5.0,2.9688052083702594,-31.175960606546663,0.5
21671.671671671673,5.0,5.126337263773626,-29.441993179844392,0.5
21696.696696696697,5.0,5.203165911263869,-29.27046463163904,0.5
21721.721721721722,5.0,3.4305301591311452,-28.41019587487448,1.6059876088360308
21746.746746746747,5.0,3.976153374441137,-24.98099515959063,3.6884580127630193
21771.771771771775,5.0,3.4217425715175582,-30.398824525191575,0.5
21796.7967967968,5.0,4.13587098357682,-31.902149517752534,1.3766391362880064
21821.821821821824,5.0,4.062881881960717,-33.304654426392666,0.5
21846.84684684685,5.0,4.934539236626282,-31.633631406161097,0.5
21871.871871871874,5.0,5.360559309207999,-29.83907368844074,0.5
21896.8968968969,5.0,5.430360862445779,-25.219811547411734,0.5
21921.921921921923,5.0,3.8655808940526732,-30.950184403746583,0.5
21946.946946946948,5.0,4.149439317821195,-29.046636227008857,0.5
21971.971971971972,5.0,2.9715677645415584,-29.597113296237936,0.8779331774905136
21996.996996996997,5.0,3.675123766622869,-26.535022822385795,0.5
22022.022022022025,5.0,5.093202627799288,-23.138624891271895,0.5
22047.04704704705,5.0,5.615289081661408,-30.7330778382067,0.5
22072.072072072075,5.0,3.3368452268203868,-30.579454462151407,0.5
22097.0970970971,5.0,3.85185441850351,-26.69540361313312,1.3743325761926255
22122.122122122124,5.0,4.306202721760186,-27.551027031689973,0.5
22147.14714714715,5.0,4.552957755884515,-24.58893739136562,0.5
22172.172172172173,5.0,3.6826475143930133,-27.695835192340745,0.5
22197.197197197198,5.0,4.671080667403104,-30.00383583257325,4.166224015993208
22222.222222222223,5.0,3.954261855676601,-27.57891847882478,0.5
22247.247247247247,5.0,4.323273018132212,-26.233746554048235,1.150147714212254
22272.272272272276,5.0,4.773363734739297,-26.90425000246204,0.5
22297.2972972973,5.0,4.342975653686588,-27.637220327637156,0.5
22322.322322322325,5.0,3.9902306269180845,-26.188668631382466,2.3057589086350423
22347.34734734735,5.0,4.253152997700176,-25.88206632919112,0.6473126338006291
22372.372372372374,5.0,4.271651974978074,-25.299857777661433,1.5259150709883633
22397.3973973974,5.0,4.047835019938142,-27.083430486231098,11.779808479460794
22422.422422422424,5.0,4.138308495211663,-29.072950355947288,0.5
22447.44744744745,5.0,5.6257645832506205,-28.238320889021796,5.17515823816234
22472.472472472473,5.0,4.7970839067013396,-25.538782638784163,0.5
22497.497497497498,5.0,4.113465595426522,-30.547344182473093,0.8630285998680748
22522.522522522526,5.0,4.90891487495994,-27.533271682772693,0.5
22547.54754754755,5.0,4.085797261048046,-29.3882519357233,0.5
22572.572572572575,5.0,5.2928540644236675,-28.282992797517807,0.5
22597.5975975976,5.0,4.651569609614331,-25.10867514828655,0.9895172303640833
22622.622622622624,5.0,4.271515642153974,-27.77700708470499,0.5
22647.64764764765,5.0,4.717032399507081,-28.088613334314328,2.252704033561609
22672.672672672674,5.0,3.1036594387055607,-31.55429500710445,0.5
22697.6976976977,5.0,3.460447886734018,-26.23897068953655,0.5
22722.722722722723,5.0,3.4082233582441197,-26.440844101701863,0.5
22747.747747747748,5.0,4.47921934067583,-22.596367696240854,3.7723669972966025
22772.772772772776,5.0,5.75237836595444,-28.72390004183695,0.5
22797.7977977978,5.0,6.152907984821974,-27.35652858524455,1.0762574801482692
22822.822822822825,5.0,4.879810250521976,-27.23089514507746,0.5
22847.84784784785,5.0,4.7715464508264365,-23.860671104895612,2.274640015643511
22872.872872872875,5.0,2.9315261850501813,-27.99249308522163,2.0573868086479568
22897.8978978979,5.0,3.9397348340866567,-27.00665038977835,5.546679353779606
22922.922922922924,5.0,3.7451483738487843,-26.134412879862804,0.5
22947.94794794795,5.0,3.880198798275984,-27.137581296213206,2.0067961903110345
22972.972972972973,5.0,4.243863323510547,-28.670138090430374,0.5
22997.997997997998,5.0,4.002207417722178,-27.018779021758235,3.888426564701791
23023.023023023026,5.0,2.7979415330807518,-24.769874579304513,0.5
23048.04804804805,5.0,4.981211087776911,-29.97019215243155,2.23580710887403
23073.073073073076,5.0,3.5261899637925396,-27.021429668486658,0.5
23098.0980980981,5.0,4.577283377174806,-29.05410584115173,0.5
23123.123123123125,5.0,6.046653523187366,-24.266137181441643,0.5
23148.14814814815,5.0,3.6533812156197505,-31.011670965663136,0.7574737360282449
23173.173173173174,5.0,2.366160372193326,-28.550958271832624,0.5
23198.1981981982,5.0,4.163088514387804,-26.1605739159423,0.6448734974470802
23223.223223223224,5.0,5.2741611013922505,-23.1397434804677,4.735078994304977
23248.24824824825,5.0,5.96157285827137,-27.167879156185972,2.9570648656287055
23273.273273273277,5.0,3.412756720834463,-28.34145227018644,2.608170685508978
23298.2982982983,5.0,4.795257276487116,-22.200510729801923,0.5
23323.323323323326,5.0,4.027151033975357,-30.47338810439396,0.5
23348.34834834835,5.0,4.316142217457592,-32.3003181948535,2.866582539011867
23373.373373373375,5.0,6.51787708001603,-25.653217128119916,2.6288127756423956
23398.3983983984,5.0,3.2015276411877815,-27.958338764084726,4.418676064334372
23423.423423423425,5.0,4.608397134601064,-29.206235195979936,0.5
23448.44844844845,5.0,4.781061444319254,-24.83221198485472,0.5
23473.473473473474,5.0,5.277037468359887,-25.943551268625054,0.5
23498.4984984985,5.0,4.488296432686626,-27.91319957984482,0.5
23523.523523523527,5.0,4.657851843014694,-29.65371394963018,2.990335297821201
23548.54854854855,5.0,4.099594058975481,-24.221759582202534,0.5
23573.573573573576,5.0,4.6297159674105,-24.727349907956196,1.9220477356217058
23598.5985985986,5.0,4.141362095517987,-26.550742462251254,0.5
23623.623623623625,5.0,4.914674929302258,-21.636160262633584,0.9727643996205168
23648.64864864865,5.0,4.123230650084012,-28.87791461851808,0.5
23673.673673673675,5.0,4.72210073554217,-29.966465579964495,0.5
23698.6986986987,5.0,4.39851167097394,-27.832372777305714,0.5
23723.723723723724,5.0,5.3242636240411585,-26.166517593441295,0.5
23748.74874874875,5.0,4.383809946054136,-25.394153879195773,0.5
23773.773773773777,5.0,3.0080004518609216,-26.555542597093268,3.618533952402985
23798.7987987988,5.0,5.437465128499122,-25.022263911116653,2.332765617041818
23823.823823823826,5.0,3.7048435887393345,-28.98120091282846,1.4005497457345562
23848.84884884885,5.0,3.9079178600118745,-22.19289079211915,4.563548806446555
23873.873873873876,5.0,3.9559033971976385,-25.95763019823367,0.5
23898.8988988989,5.0,5.5334844084705885,-22.90896262323188,5.242606616944303
23923.923923923925,5.0,2.726896064252479,-24.79533878620789,2.7970852870246152
23948.94894894895,5.0,6.9471357638649325,-24.460219054217642,0.5
23973.973973973974,5.0,5.28328388569128,-24.127633851471543,3.4073584167135076
23998.998998999,5.0,4.618531071243268,-24.382730601958713,0.5
24024.024024024027,5.0,4.397526240948412,-23.845145052283083,0.5
24049.049049049052,5.0,4.671386202829069,-22.079020576570816,0.5
24074.074074074077,5.0,4.861342387147915,-24.860548927598174,0.5
24099.0990990991,5.0,4.962118414705992,-23.529292407830518,0.5
24124.124124124126,5.0,4.891931020250206,-25.476090987469814,3.669711159818483
24149.14914914915,5.0,4.520613493953149,-21.601408663078015,0.5
24174.174174174175,5.0,4.29257971420459,-26.842632406799822,1.057965446531387
24199.1991991992,5.0,4.330933325029143,-20.599250519324563,0.5
24224.224224224225,5.0,4.297526829171309,-25.15194642816241,0.5
24249.24924924925,5.0,5.361971032448607,-28.57843925679662,0.8106060179047635
24274.274274274278,5.0,4.931301834281147,-24.63119041417447,0.5
24299.299299299302,5.0,2.1056470502265343,-26.604030545088595,0.5
24324.324324324327,5.0,4.984180080683268,-22.749742478879536,0.5
24349.34934934935,5.0,4.616749916735981,-26.432861249557273,5.962240756127124
24374.374374374376,5.0,4.447495457305744,-25.866709834288198,2.734495792490784
24399.3993993994,5.0,4.153149201492855,-29.425053028565024,0.5
24424.424424424426,5.0,5.364755641454276,-25.78191694927384,3.791517584660784
24449.44944944945,5.0,5.224988136665253,-30.66079941767349,0.5
24474.474474474475,5.0,3.8501663342095815,-28.51080810976536,1.6308258624177059
24499.4994994995,5.0,4.795611799669598,-22.599964360640257,0.5998142063576446
24524.524524524528,5.0,3.694146083838443,-22.486450554323863,0.7924383879461486
24549.549549549552,5.0,3.3692784411418293,-23.33725699643848,3.817433942213188
24574.574574574577,5.0,3.9731006948025023,-26.768291208673876,2.197845106647972
24599.5995995996,5.0,5.1658907538821826,-24.420079191155747,0.8665352009402265
24624.624624624626,5.0,5.239977513778347,-24.259757098477166,0.5
24649.64964964965,5.0,4.889447315056814,-27.096612423682053,0.5
24674.674674674676,5.0,5.060557109958878,-20.39215489623277,0.5
24699.6996996997,5.0,4.894924611673948,-21.90719487416142,0.5
24724.724724724725,5.0,3.970298207305122,-24.60296098512471,0.5
24749.74974974975,5.0,4.830523020724137,-23.933285903014173,7.235367897110856
24774.774774774778,5.0,5.126814106668633,-23.429493430581562,4.549515834868034
24799.799799799803,5.0,5.091421051838848,-29.00473757146112,1.8066844812573952
24824.824824824827,5.0,5.440620186669204,-24.468293806651836,0.5
24849.849849849852,5.0,5.057634068751842,-25.505260920294795,0.5
24874.874874874877,5.0,4.7736510585257586,-26.254300274987536,0.5
24899.8998998999,5.0,5.350114184647136,-24.402950932415084,0.5
24924.924924924926,5.0,4.474278488096247,-19.15593383302634,0.7735671565298341
24949.94994994995,5.0,3.791497276014823,-21.997992946932573,0.5
24974.974974974975,5.0,4.368044927343488,-24.977997524507042,1.002831137807895
25000.0,5.0,3.904077884154841,-22.068543046609605,0.5
