_id,altitude,time,uvIndex,plusCode,heatingPadTemp,outsideTemp,humidity,fluorescenceRaw,fluorescenceIrradiance,picoTemp,picoMem,piTemp,piMem,rxTime,latitiude,longitude
6856ef703aa0a02ac5f4f4a4,0,0,8.4,88888M88+F5,23.77,12.48,1.1,333,0.9497,36,80240,48.3,239886336,1750527856,36.3161875,-53.334562500000004
6856ef713aa0a02ac5f4f4a5,0,0,7.3,88888M88+F5,23.71,12.27,0.4,368,1.0495,37,80256,48.3,239886336,1750527857,36.3161875,-53.334562500000004
6856ef753aa0a02ac5f4f4a6,0,0,8.1,88888M88+F5,23.95,12.39,1.2,307,0.8755,36.5,80240,48.3,241225728,1750527861,36.3161875,-53.334562500000004
6856ef763aa0a02ac5f4f4a7,0,0,8.3,88888M88+F5,23.75,12.28,1.1,250,0.713,36.5,80240,47.8,241225728,1750527862,36.3161875,-53.334562500000004
6856ef793aa0a02ac5f4f4a8,0,0,7.2,88888M88+F5,24.62,12.2,0.9,436,1.2434,36.5,80240,48.3,240369664,1750527865,36.3161875,-53.334562500000004
6856ef7d3aa0a02ac5f4f4a9,0,0,7.8,88888M88+F5,23.73,12.04,0.9,443,1.2634,35.6,80256,47.8,239497216,1750527869,36.3161875,-53.334562500000004
6856ef7e3aa0a02ac5f4f4aa,0,0,7.9,88888M88+F5,23.9,12.16,0.8,330,0.9411,34.6,80240,48.3,239497216,1750527870,36.3161875,-53.334562500000004
6856ef823aa0a02ac5f4f4ab,0,0,7.7,88888M88+F5,23.56,11.9,0.6,186,0.5305,35.6,80240,47.8,238624768,1750527874,36.3161875,-53.334562500000004
6856ef823aa0a02ac5f4f4ac,0,0,7.8,88888M88+F5,23.6,12.02,0.7,235,0.6702,35.6,80256,47.8,238624768,1750527874,36.3161875,-53.334562500000004
6856efb13aa0a02ac5f4f4ad,0,0,7.8,88888M88+F5,23.43,9.42,0.8,244,0.6959,35.6,80240,47.2,240312320,1750527921,36.3161875,-53.334562500000004
6856efb43aa0a02ac5f4f4ae,0,0,6.4,88888M88+F5,23.32,9.59,0.4,303,0.8641,34.6,80240,46.2,240267264,1750527924,36.3161875,-53.334562500000004
6856efb43aa0a02ac5f4f4af,0,0,6.4,88888M88+F5,23.34,9.69,0.5,245,0.6987,35.6,80240,46.7,240267264,1750527924,36.3161875,-53.334562500000004
6856efb53aa0a02ac5f4f4b0,0,0,6.3,88888M88+F5,23.43,9.34,0.8,185,0.5276,35.6,80256,47.2,240267264,1750527925,36.3161875,-53.334562500000004
6856efba3aa0a02ac5f4f4b1,0,0,7.3,88888M88+F5,23.43,9.36,0.6,433,1.2349,34.6,80256,46.2,240283648,1750527930,36.3161875,-53.334562500000004
6856efbd3aa0a02ac5f4f4b2,0,0,8.3,88888M88+F5,23.41,9.28,0.8,180,0.5133,35.6,80240,47.2,242171904,1750527933,36.3161875,-53.334562500000004
6856efbe3aa0a02ac5f4f4b3,0,0,8.1,88888M88+F5,20.83,8.88,1,225,0.6417,34.6,80144,46.2,242171904,1750527934,36.3161875,-53.334562500000004
6856efc23aa0a02ac5f4f4b4,0,0,7.5,88888M88+F5,23.39,9.19,0.8,186,0.5305,34.6,80240,46.2,243015680,1750527938,36.3161875,-53.334562500000004
6856efc33aa0a02ac5f4f4b5,0,0,8.8,88888M88+F5,23.43,9.11,0.8,190,0.5419,34.6,80256,46.7,243015680,1750527939,36.3161875,-53.334562500000004
6856efc63aa0a02ac5f4f4b6,0,0,5.1,88888M88+F5,23.36,8.69,0.8,247,0.7044,35.1,80256,46.2,241778688,1750527942,36.3161875,-53.334562500000004
6856efc73aa0a02ac5f4f4b7,0,0,5.9,88888M88+F5,23.41,8.77,1,186,0.5305,34.6,80240,46.7,241778688,1750527943,36.3161875,-53.334562500000004
6856efc83aa0a02ac5f4f4b8,0,0,7.4,88888M88+F5,23.43,8.86,0.9,204,0.5818,35.1,80256,45.6,241778688,1750527944,36.3161875,-53.334562500000004
6856efd13aa0a02ac5f4f4b9,0,0,7.4,88888M88+F5,23.26,8.78,0.7,210,0.5989,34.6,80240,46.2,241201152,1750527953,36.3161875,-53.334562500000004
6856efd23aa0a02ac5f4f4ba,0,0,8.8,88888M88+F5,23.26,8.71,0.7,199,0.5675,34.6,80256,46.2,241201152,1750527954,36.3161875,-53.334562500000004
6856efd53aa0a02ac5f4f4bb,0,0,7.8,88888M88+F5,24.47,8.74,0.9,185,0.5276,32.8,80256,46.2,240222208,1750527957,36.3161875,-53.334562500000004
6856efd63aa0a02ac5f4f4bc,0,0,6.4,88888M88+F5,23.43,8.61,0.8,182,0.519,32.8,80160,46.2,240222208,1750527958,36.3161875,-53.334562500000004
6856efda3aa0a02ac5f4f4bd,0,0,7.9,88888M88+F5,23.39,8.58,1.1,216,0.616,32.8,80240,46.2,239362048,1750527962,36.3161875,-53.334562500000004
6856efdb3aa0a02ac5f4f4be,0,0,8.5,88888M88+F5,23.26,8.36,0.9,208,0.5932,34.6,80160,45.6,239362048,1750527963,36.3161875,-53.334562500000004
6856eff73aa0a02ac5f4f4bf,0,0,8.2,88888M88+F5,23.11,7.1,0.8,326,0.9297,34.2,80256,45.1,241623040,1750527991,36.3161875,-53.334562500000004
6856eff73aa0a02ac5f4f4c0,0,0,8.5,88888M88+F5,21.03,7.22,0.9,342,0.9753,33.7,80240,45.1,241623040,1750527991,36.3161875,-53.334562500000004
6856eff83aa0a02ac5f4f4c1,0,0,9.1,88888M88+F5,23.08,7.1,0.9,288,0.8213,34.2,80256,45.1,241623040,1750527992,36.3161875,-53.334562500000004
6856effb3aa0a02ac5f4f4c2,0,0,6.8,88888M88+F5,23.17,7.07,1.1,226,0.6445,32.8,80256,44.5,240533504,1750527995,36.3161875,-53.334562500000004
6856effc3aa0a02ac5f4f4c3,0,0,7,88888M88+F5,23.34,7.08,1.1,202,0.5761,32.3,80240,45.1,240533504,1750527996,36.3161875,-53.334562500000004
6856f0003aa0a02ac5f4f4c4,0,0,9.2,88888M88+F5,22.95,6.85,0.7,285,0.8128,33.2,80240,45.1,238788608,1750528000,36.3161875,-53.334562500000004
6856f0013aa0a02ac5f4f4c5,0,0,8.3,88888M88+F5,23.47,6.96,1.1,248,0.7073,32.3,80256,45.1,238788608,1750528001,36.3161875,-53.334562500000004
6856f0053aa0a02ac5f4f4c6,0,0,8.3,88888M88+F5,23.69,7.06,1,364,1.0381,33.2,80240,45.1,240463872,1750528005,36.3161875,-53.334562500000004
6856f0063aa0a02ac5f4f4c7,0,0,8.6,88888M88+F5,23.52,6.96,1,303,0.8641,32.8,80336,45.1,240463872,1750528006,36.3161875,-53.334562500000004
6856f0093aa0a02ac5f4f4c8,0,0,7.9,88888M88+F5,22.91,6.97,0.6,271,0.7729,33.2,80144,44.5,240517120,1750528009,36.3161875,-53.334562500000004
6856f0093aa0a02ac5f4f4c9,0,0,7.7,88888M88+F5,23.56,7.01,0.4,291,0.8299,32.3,80240,44.5,240517120,1750528009,36.3161875,-53.334562500000004
6856f00a3aa0a02ac5f4f4ca,0,0,7.2,88888M88+F5,22.91,6.94,0.3,299,0.8527,34.2,80256,44,240517120,1750528010,36.3161875,-53.334562500000004
6856f00e3aa0a02ac5f4f4cb,0,0,8.4,88888M88+F5,22.93,6.98,0.7,395,1.1265,32.8,80240,44,242229248,1750528014,36.3161875,-53.334562500000004
6856f00f3aa0a02ac5f4f4cc,0,0,8.5,88888M88+F5,23,6.73,1,368,1.0495,34.2,80240,44.5,242229248,1750528015,36.3161875,-53.334562500000004
6856f0123aa0a02ac5f4f4cd,0,0,7.3,88888M88+F5,23.13,6.61,0.8,192,0.5476,30.9,80240,45.1,243638272,1750528018,36.3161875,-53.334562500000004
6856f0133aa0a02ac5f4f4ce,0,0,7.6,88888M88+F5,24.12,6.32,1,192,0.5476,32.8,80256,44.5,243638272,1750528019,36.3161875,-53.334562500000004
6856f0173aa0a02ac5f4f4cf,0,0,8.3,88888M88+F5,23,6.08,1,193,0.5504,32.8,80336,44,242667520,1750528023,36.3161875,-53.334562500000004
6856f0183aa0a02ac5f4f4d0,0,0,7.9,88888M88+F5,22.89,5.99,0.8,294,0.8385,33.2,80336,44,242667520,1750528024,36.3161875,-53.334562500000004
6856f01b3aa0a02ac5f4f4d1,0,0,7.1,88888M88+F5,20.71,6.16,1,503,1.4345,32.8,80240,44.5,240787456,1750528027,36.3161875,-53.334562500000004
6856f01c3aa0a02ac5f4f4d2,0,0,7.8,88888M88+F5,22.87,6.09,0.8,457,1.3033,32.8,80256,44,240787456,1750528028,36.3161875,-53.334562500000004
6856f0203aa0a02ac5f4f4d3,0,0,7.7,88888M88+F5,22.91,6.01,0.7,232,0.6616,32.8,80336,44.5,239042560,1750528032,36.3161875,-53.334562500000004
6856f0213aa0a02ac5f4f4d4,0,0,8.2,88888M88+F5,23.95,5.85,1,181,0.5162,32.8,80336,44,239042560,1750528033,36.3161875,-53.334562500000004
6856f0243aa0a02ac5f4f4d5,0,0,8,88888M88+F5,22.91,5.45,0.6,188,0.5362,31.8,80144,44,236253184,1750528036,36.3161875,-53.334562500000004
6856f0243aa0a02ac5f4f4d6,0,0,7.8,88888M88+F5,24.12,5.53,1.2,398,1.1351,32.3,80336,44.5,236253184,1750528036,36.3161875,-53.334562500000004
6856f0253aa0a02ac5f4f4d7,0,0,7.9,88888M88+F5,21.54,5.53,0.7,411,1.1721,34.2,80256,44,236253184,1750528037,36.3161875,-53.334562500000004
6856f0293aa0a02ac5f4f4d8,0,0,7.4,88888M88+F5,20.45,5.84,0.8,459,1.309,32.8,80240,44.5,239341568,1750528041,36.3161875,-53.334562500000004
6856f02a3aa0a02ac5f4f4d9,0,0,7.4,88888M88+F5,22.74,5.71,0.9,477,1.3603,32.8,80240,44,239341568,1750528042,36.3161875,-53.334562500000004
6856f02d3aa0a02ac5f4f4da,0,0,8.4,88888M88+F5,22.74,5.48,0.9,177,0.5048,32.3,80240,44,239370240,1750528045,36.3161875,-53.334562500000004
6856f02e3aa0a02ac5f4f4db,0,0,9,88888M88+F5,22.7,5.54,0.9,184,0.5247,32.8,80352,44,239370240,1750528046,36.3161875,-53.334562500000004
6856f0333aa0a02ac5f4f4dc,0,0,7.8,88888M88+F5,22.74,5.36,0.9,181,0.5162,32.8,80336,43.5,240975872,1750528051,36.3161875,-53.334562500000004
6856f0363aa0a02ac5f4f4dd,0,0,8.2,88888M88+F5,22.76,5.49,0.9,376,1.0723,31.4,80336,43.5,240119808,1750528054,36.3161875,-53.334562500000004
6856f0373aa0a02ac5f4f4de,0,0,7.5,88888M88+F5,24.12,5.44,0.9,383,1.0923,31.8,80352,43.5,240119808,1750528055,36.3161875,-53.334562500000004
6856f03b3aa0a02ac5f4f4df,0,0,7,88888M88+F5,22.93,5.26,0.5,209,0.596,30.9,80240,44,239251456,1750528059,36.3161875,-53.334562500000004
6856f03f3aa0a02ac5f4f4e0,0,0,7.7,88888M88+F5,22.74,5.11,0.7,254,0.7244,30.9,80144,43.5,238391296,1750528063,36.3161875,-53.334562500000004
6856f03f3aa0a02ac5f4f4e1,0,0,7.7,88888M88+F5,22.83,5.21,0.9,179,0.5105,31.4,80240,43.5,238391296,1750528063,36.3161875,-53.334562500000004
6856f0403aa0a02ac5f4f4e2,0,0,8.8,88888M88+F5,24.1,4.96,1,177,0.5048,31.8,80352,43.5,238391296,1750528064,36.3161875,-53.334562500000004
6856f0483aa0a02ac5f4f4e3,0,0,8.3,88888M88+F5,22.68,4.97,0.9,180,0.5133,31.8,80336,43.5,237531136,1750528072,36.3161875,-53.334562500000004
6856f0483aa0a02ac5f4f4e4,0,0,6.8,88888M88+F5,22.76,4.98,0,394,1.1236,31.8,80144,43.5,239624192,1750528072,36.3161875,-53.334562500000004
6856f0483aa0a02ac5f4f4e5,0,0,7.1,88888M88+F5,22.83,5.03,0.1,317,0.904,31.8,80352,42.9,239624192,1750528072,36.3161875,-53.334562500000004
6856f04e3aa0a02ac5f4f4e6,0,0,8.5,88888M88+F5,23.02,4.48,1,186,0.5305,30.4,80240,42.9,239665152,1750528078,36.3161875,-53.334562500000004
6856f0533aa0a02ac5f4f4e7,0,0,8.1,88888M88+F5,22.68,4.38,0.8,184,0.5247,31.8,80336,43.5,237887488,1750528083,36.3161875,-53.334562500000004
6856f0533aa0a02ac5f4f4e8,0,0,7.8,88888M88+F5,22.7,4.38,1,184,0.5247,31.4,80256,42.9,237887488,1750528083,36.3161875,-53.334562500000004
6856f0603aa0a02ac5f4f4e9,0,0,8.3,88888M88+F5,22.61,3.99,1.3,217,0.6189,31.8,80240,42.9,235692032,1750528096,36.3161875,-53.334562500000004
6856f0613aa0a02ac5f4f4ea,0,0,7.8,88888M88+F5,22.74,4.05,1.1,413,1.1778,30.9,80352,42.4,235692032,1750528097,36.3161875,-53.334562500000004
6856f0693aa0a02ac5f4f4eb,0,0,7,88888M88+F5,22.78,3.12,0,280,0.7985,30.4,80352,41.9,241221632,1750528105,36.3161875,-53.334562500000004
6856f06a3aa0a02ac5f4f4ec,0,0,7.3,88888M88+F5,21.6,3.12,0.4,271,0.7729,30.9,80256,42.9,241221632,1750528106,36.3161875,-53.334562500000004
6856f06b3aa0a02ac5f4f4ed,0,0,6.5,88888M88+F5,22.91,3.13,0.7,230,0.6559,29,80256,42.4,241221632,1750528107,36.3161875,-53.334562500000004
6856f0703aa0a02ac5f4f4ee,0,0,8.4,88888M88+F5,22.72,2.77,1,185,0.5276,31.4,80352,41.9,241115136,1750528112,36.3161875,-53.334562500000004
6856f0783aa0a02ac5f4f4ef,0,0,8.3,88888M88+F5,22.74,2.84,1,183,0.5219,30.9,80256,41.3,241045504,1750528120,36.3161875,-53.334562500000004
6856f0793aa0a02ac5f4f4f0,0,0,8.1,88888M88+F5,22.65,2.96,1.2,338,0.9639,29.5,80336,41.9,241045504,1750528121,36.3161875,-53.334562500000004
6856f07a3aa0a02ac5f4f4f1,0,0,7.5,88888M88+F5,23.08,2.72,0.2,321,0.9155,30.9,80256,41.3,241045504,1750528122,36.3161875,-53.334562500000004
6856f0863aa0a02ac5f4f4f2,0,0,8.7,88888M88+F5,22.65,2.27,1.2,178,0.5076,31.4,80240,41.9,242196480,1750528134,36.3161875,-53.334562500000004
6856f0873aa0a02ac5f4f4f3,0,0,8.4,88888M88+F5,21.11,2.45,1.4,253,0.7215,30.9,80144,41.9,242098176,1750528135,36.3161875,-53.334562500000004
6856f08d3aa0a02ac5f4f4f4,0,0,7.9,88888M88+F5,22.72,1.72,1.2,186,0.5305,29,80336,41.3,242130944,1750528141,36.3161875,-53.334562500000004
6856f0903aa0a02ac5f4f4f5,0,0,8.4,88888M88+F5,22.74,1.96,1.1,189,0.539,30.4,80160,41.9,242159616,1750528144,36.3161875,-53.334562500000004
6856f0913aa0a02ac5f4f4f6,0,0,8.4,88888M88+F5,23.99,2.06,1.4,293,0.8356,30.4,80240,41.9,242159616,1750528145,36.3161875,-53.334562500000004
6856f0923aa0a02ac5f4f4f7,0,0,8.3,88888M88+F5,22.65,1.92,0.7,383,1.0923,29.5,80336,41.3,242159616,1750528146,36.3161875,-53.334562500000004
6856f0a23aa0a02ac5f4f4f8,0,0,9.3,88888M88+F5,22.74,1.05,1,189,0.539,29,80352,40.8,242843648,1750528162,36.3161875,-53.334562500000004
6856f0a33aa0a02ac5f4f4f9,0,0,9.4,88888M88+F5,22.78,1.19,1,193,0.5504,29,80256,40.8,242843648,1750528163,36.3161875,-53.334562500000004
6856f0a43aa0a02ac5f4f4fa,0,0,9.6,88888M88+F5,22.61,1.22,1.2,220,0.6274,30.9,80336,40.8,242843648,1750528164,36.3161875,-53.334562500000004
6856f0a73aa0a02ac5f4f4fb,0,0,6.7,88888M88+F5,22.65,0.92,1.1,238,0.6787,29,80336,41.3,245202944,1750528167,36.3161875,-53.334562500000004
6856f0ab3aa0a02ac5f4f4fc,0,0,7.7,88888M88+F5,22.87,0.72,0.9,178,0.5076,29,80352,40.2,245047296,1750528171,36.3161875,-53.334562500000004
6856f0ad3aa0a02ac5f4f4fd,0,0,8.7,88888M88+F5,22.83,0.49,1.1,198,0.5647,28.1,80352,40.2,245047296,1750528173,36.3161875,-53.334562500000004
6856f0c03aa0a02ac5f4f4fe,0,0,9.3,88888M88+F5,22.57,-0.13,1.1,186,0.5305,29.5,80336,40.2,238157824,1750528192,36.3161875,-53.334562500000004
6856f0c43aa0a02ac5f4f4ff,0,0,8,88888M88+F5,23.95,-0.15,1,356,1.0153,28.5,80240,39.7,240254976,1750528196,36.3161875,-53.334562500000004
6856f0c53aa0a02ac5f4f500,0,0,7.5,88888M88+F5,22.74,-0.3,0.9,378,1.078,28.1,80352,40.2,240275456,1750528197,36.3161875,-53.334562500000004
6856f0c93aa0a02ac5f4f501,0,0,7.2,88888M88+F5,22.74,-0.05,0.4,278,0.7928,27.1,80240,39.7,239411200,1750528201,36.3161875,-53.334562500000004
6856f0cf3aa0a02ac5f4f502,0,0,8.9,88888M88+F5,22.83,-0.42,1.1,176,0.5019,29,80144,39.7,241602560,1750528207,36.3161875,-53.334562500000004
6856f0d33aa0a02ac5f4f503,0,0,8.6,88888M88+F5,22.74,-0.18,1.1,245,0.6987,28.5,80336,39.7,241623040,1750528211,36.3161875,-53.334562500000004
6856f0d73aa0a02ac5f4f504,0,0,8.3,88888M88+F5,22.76,-0.28,1.3,196,0.559,28.5,80240,39.7,241676288,1750528215,36.3161875,-53.334562500000004
6856f0d83aa0a02ac5f4f505,0,0,8.3,88888M88+F5,22.65,-0.28,1.2,384,1.0951,27.6,80240,39.7,241676288,1750528216,36.3161875,-53.334562500000004
6856f0d93aa0a02ac5f4f506,0,0,7.7,88888M88+F5,23.26,-0.28,1.1,375,1.0695,28.1,80256,39.2,241676288,1750528217,36.3161875,-53.334562500000004
6856f0dc3aa0a02ac5f4f507,0,0,6.9,88888M88+F5,22.72,-0.6,1.7,206,0.5875,27.6,80256,39.7,241295360,1750528220,36.3161875,-53.334562500000004
6856f0dc3aa0a02ac5f4f508,0,0,7.1,88888M88+F5,22.57,-0.44,1.1,200,0.5704,29,80336,39.7,241295360,1750528220,36.3161875,-53.334562500000004
6856f0dd3aa0a02ac5f4f509,0,0,8.2,88888M88+F5,22.74,-0.63,1.2,193,0.5504,28.1,80240,39.7,241295360,1750528221,36.3161875,-53.334562500000004
6856f0e13aa0a02ac5f4f50a,0,0,9.3,88888M88+F5,20.26,-0.5,1.4,174,0.4962,27.1,80352,38.6,241217536,1750528225,36.3161875,-53.334562500000004
6856f0e23aa0a02ac5f4f50b,0,0,8.1,88888M88+F5,22.65,-0.43,1.2,171,0.4877,28.1,80224,39.2,241217536,1750528226,36.3161875,-53.334562500000004
6856f0e53aa0a02ac5f4f50c,0,0,7.1,88888M88+F5,22.63,-0.39,0.6,440,1.2548,27.1,80208,39.2,241086464,1750528229,36.3161875,-53.334562500000004
6856f0e63aa0a02ac5f4f50d,0,0,7.5,88888M88+F5,23.8,-0.82,1.1,391,1.1151,28.5,80128,38.6,241086464,1750528230,36.3161875,-53.334562500000004
6856f0ef3aa0a02ac5f4f50e,0,0,8.9,88888M88+F5,22.59,-0.96,1.5,190,0.5419,27.6,80208,39.2,240607232,1750528239,36.3161875,-53.334562500000004
6856f0f43aa0a02ac5f4f50f,0,0,7.1,88888M88+F5,22.59,-1.11,0.2,292,0.8328,27.1,80208,38.6,240234496,1750528244,36.3161875,-53.334562500000004
6856f0fd3aa0a02ac5f4f510,0,0,8.9,88888M88+F5,22.63,-1.42,1.5,174,0.4962,26.2,80128,38.6,239427584,1750528253,36.3161875,-53.334562500000004
6856f0fd3aa0a02ac5f4f511,0,0,8.9,88888M88+F5,21.41,-1.4,1.3,176,0.5019,27.6,80208,38.6,239427584,1750528253,36.3161875,-53.334562500000004
6856f0ff3aa0a02ac5f4f512,0,0,8.5,88888M88+F5,21.97,-1.58,1.5,178,0.5076,27.1,80208,38.1,239427584,1750528255,36.3161875,-53.334562500000004
6856f1023aa0a02ac5f4f513,0,0,8.5,88888M88+F5,22.7,-1.25,1.2,176,0.5019,27.1,80224,38.1,238567424,1750528258,36.3161875,-53.334562500000004
6856f1033aa0a02ac5f4f514,0,0,8.7,88888M88+F5,22.7,-1.22,1.4,331,0.944,27.1,80208,38.6,238567424,1750528259,36.3161875,-53.334562500000004
6856f1043aa0a02ac5f4f515,0,0,9.1,88888M88+F5,22.65,-1.31,1.2,226,0.6445,27.1,80224,38.6,238567424,1750528260,36.3161875,-53.334562500000004
6856f1083aa0a02ac5f4f516,0,0,5.9,88888M88+F5,22.65,-1.26,1.3,206,0.5875,27.1,80112,38.1,241020928,1750528264,36.3161875,-53.334562500000004
6856f1093aa0a02ac5f4f517,0,0,6.8,88888M88+F5,20.26,-1.43,1.2,192,0.5476,27.1,80352,38.1,241020928,1750528265,36.3161875,-53.334562500000004
6856f10c3aa0a02ac5f4f518,0,0,1.3,88888M88+F5,20.43,-1.78,1.3,192,0.5476,27.6,80352,38.1,241049600,1750528268,36.3161875,-53.334562500000004
6856f10c3aa0a02ac5f4f519,0,0,7.1,88888M88+F5,22.65,-1.74,1.4,109,0.3109,27.1,80352,38.6,241049600,1750528268,36.3161875,-53.334562500000004
6856f10d3aa0a02ac5f4f51a,0,0,9.4,88888M88+F5,22.65,-1.97,1.3,162,0.462,27.1,80336,38.6,241049600,1750528269,36.3161875,-53.334562500000004
6856f1113aa0a02ac5f4f51b,0,0,6.9,88888M88+F5,22.7,-2.47,0,329,0.9383,26.7,80160,38.1,240177152,1750528273,36.3161875,-53.334562500000004
6856f1153aa0a02ac5f4f51c,0,0,8.5,88888M88+F5,22.63,-2.02,1.3,175,0.4991,27.1,80160,37.6,240783360,1750528277,36.3161875,-53.334562500000004
6856f1163aa0a02ac5f4f51d,0,0,8.6,88888M88+F5,23.95,-1.92,1.1,359,1.0238,26.2,80336,38.6,240783360,1750528278,36.3161875,-53.334562500000004
6856f11a3aa0a02ac5f4f51e,0,0,7.6,88888M88+F5,22.91,-2.27,1.5,188,0.5362,26.7,80352,37,241942528,1750528282,36.3161875,-53.334562500000004
6856f11b3aa0a02ac5f4f51f,0,0,8.5,88888M88+F5,22.74,-2.21,1.3,330,0.9411,26.2,80336,37.6,241942528,1750528283,36.3161875,-53.334562500000004
6856f11e3aa0a02ac5f4f520,0,0,8.4,88888M88+F5,22.83,-2.15,1.2,237,0.6759,27.1,80352,37.6,241942528,1750528286,36.3161875,-53.334562500000004
6856f1203aa0a02ac5f4f521,0,0,8.6,88888M88+F5,22.91,-2.45,1.6,196,0.559,25.7,80144,37.6,242933760,1750528288,36.3161875,-53.334562500000004
6856f1253aa0a02ac5f4f522,0,0,8.6,88888M88+F5,22.83,-2.44,1.2,203,0.5789,26.2,80336,37.6,244142080,1750528293,36.3161875,-53.334562500000004
6856f1263aa0a02ac5f4f523,0,0,8.7,88888M88+F5,22.83,-2.57,1.6,386,1.1008,26.2,80256,37.6,244142080,1750528294,36.3161875,-53.334562500000004
6856f12a3aa0a02ac5f4f524,0,0,6,88888M88+F5,22.83,-2.54,1.3,308,0.8784,26.2,80352,37.6,244318208,1750528298,36.3161875,-53.334562500000004
6856f12a3aa0a02ac5f4f525,0,0,6.2,88888M88+F5,22.65,-2.43,1.3,176,0.5019,26.7,80240,37.6,244318208,1750528298,36.3161875,-53.334562500000004
6856f12b3aa0a02ac5f4f526,0,0,7.7,88888M88+F5,20.43,-2.59,1.3,180,0.5133,27.1,80352,37.6,244318208,1750528299,36.3161875,-53.334562500000004
6856f12e3aa0a02ac5f4f527,0,0,8.2,88888M88+F5,22.98,-2.63,1.2,193,0.5504,26.7,80352,37.6,241401856,1750528302,36.3161875,-53.334562500000004
6856f12f3aa0a02ac5f4f528,0,0,8.3,88888M88+F5,22.89,-2.46,1.1,420,1.1978,26.7,80336,37.6,241401856,1750528303,36.3161875,-53.334562500000004
6856f1343aa0a02ac5f4f529,0,0,8,88888M88+F5,23.36,-2.95,1.6,202,0.5761,25.7,80336,37,242126848,1750528308,36.3161875,-53.334562500000004
6856f1353aa0a02ac5f4f52a,0,0,7.8,88888M88+F5,22.95,-2.93,1.2,200,0.5704,26.7,80336,37.6,242126848,1750528309,36.3161875,-53.334562500000004
6856f1383aa0a02ac5f4f52b,0,0,9,88888M88+F5,22.93,-2.73,1.4,321,0.9155,26.2,80352,37,241991680,1750528312,36.3161875,-53.334562500000004
6856f1383aa0a02ac5f4f52c,0,0,8.6,88888M88+F5,23,-2.59,1.2,273,0.7786,27.1,80240,37,241991680,1750528312,36.3161875,-53.334562500000004
6856f13e3aa0a02ac5f4f52d,0,0,8.6,88888M88+F5,23,-2.61,1.3,273,0.7786,26.2,80336,36.5,239222784,1750528318,36.3161875,-53.334562500000004
6856f13f3aa0a02ac5f4f52e,0,0,8.9,88888M88+F5,23,-2.82,1.1,355,1.0124,25.3,80352,36.5,239222784,1750528319,36.3161875,-53.334562500000004
6856f1473aa0a02ac5f4f52f,0,0,7.5,88888M88+F5,23.08,-2.82,1.4,521,1.4858,25.7,80336,37,241938432,1750528327,36.3161875,-53.334562500000004
6856f14c3aa0a02ac5f4f530,0,0,8,88888M88+F5,23.04,-3.03,1.7,181,0.5162,26.2,80240,36.5,240717824,1750528332,36.3161875,-53.334562500000004
6856f14d3aa0a02ac5f4f531,0,0,8.4,88888M88+F5,23.11,-3.18,1.6,188,0.5362,25.3,80336,36.5,240717824,1750528333,36.3161875,-53.334562500000004
6856f1503aa0a02ac5f4f532,0,0,8.7,88888M88+F5,23.04,-2.93,1.4,189,0.539,24.3,80352,36.5,241360896,1750528336,36.3161875,-53.334562500000004
6856f1513aa0a02ac5f4f533,0,0,8.8,88888M88+F5,23.04,-2.88,1.2,261,0.7443,26.2,80336,36.5,241360896,1750528337,36.3161875,-53.334562500000004
6856f1523aa0a02ac5f4f534,0,0,7.2,88888M88+F5,23.02,-3.18,1.3,537,1.5315,25.3,80352,35.9,241360896,1750528338,36.3161875,-53.334562500000004
6856f1553aa0a02ac5f4f535,0,0,8.1,88888M88+F5,23.08,-3.04,1.3,541,1.5429,26.2,80240,36.5,239611904,1750528341,36.3161875,-53.334562500000004
6856f1563aa0a02ac5f4f536,0,0,8.3,88888M88+F5,23.02,-2.95,1.3,248,0.7073,25.3,80336,37,239611904,1750528342,36.3161875,-53.334562500000004
6856f1693aa0a02ac5f4f537,0,0,7.7,88888M88+F5,23.21,-2.91,0.2,187,0.5333,25.7,80352,36.5,242413568,1750528361,36.3161875,-53.334562500000004
6856f1743aa0a02ac5f4f538,0,0,8.6,88888M88+F5,23.28,-3.22,1.3,369,1.0523,24.8,80144,35.4,242851840,1750528372,36.3161875,-53.334562500000004
6856f1793aa0a02ac5f4f539,0,0,9.3,88888M88+F5,23.3,-3.29,1.6,316,0.9012,23.4,80240,35.4,242737152,1750528377,36.3161875,-53.334562500000004
6856f17a3aa0a02ac5f4f53a,0,0,8.5,88888M88+F5,23.28,-3.43,1.3,364,1.0381,25.3,80336,36.5,242737152,1750528378,36.3161875,-53.334562500000004
6856f17e3aa0a02ac5f4f53b,0,0,9,88888M88+F5,23.26,-3.34,1.4,347,0.9896,23.9,80160,35.4,241897472,1750528382,36.3161875,-53.334562500000004
6856f1873aa0a02ac5f4f53c,0,0,9.3,88888M88+F5,23.43,-3.44,1.4,328,0.9354,24.8,80336,35.4,240824320,1750528391,36.3161875,-53.334562500000004
6856f18b3aa0a02ac5f4f53d,0,0,7.1,88888M88+F5,23.36,-3.4,1.4,349,0.9953,25.3,80144,34.9,239820800,1750528395,36.3161875,-53.334562500000004
6856f1a33aa0a02ac5f4f53e,0,0,7.9,88888M88+F5,23.34,-3.67,1.5,430,1.2263,24.3,80240,35.4,238362624,1750528419,36.3161875,-53.334562500000004
6856f1ac3aa0a02ac5f4f53f,0,0,7.3,88888M88+F5,23.39,-4.03,2.1,181,0.5162,24.3,80160,34.3,240152576,1750528428,36.3161875,-53.334562500000004
6856f1b13aa0a02ac5f4f540,0,0,9.5,88888M88+F5,23.34,-4.17,2,183,0.5219,24.8,80256,34.9,240185344,1750528433,36.3161875,-53.334562500000004
6856f1b33aa0a02ac5f4f541,0,0,9.4,88888M88+F5,24.16,-4.09,2,303,0.8641,23.9,80336,34.3,240185344,1750528435,36.3161875,-53.334562500000004
6856f1b33aa0a02ac5f4f542,0,0,8.7,88888M88+F5,23.54,-4.01,2,303,0.8641,23.4,80336,34.3,240185344,1750528435,36.3161875,-53.334562500000004
6856f1b63aa0a02ac5f4f543,0,0,7.8,88888M88+F5,23.36,-4.18,2.3,266,0.7586,23.4,80144,34.3,239849472,1750528438,36.3161875,-53.334562500000004
6856f1b63aa0a02ac5f4f544,0,0,7.5,88888M88+F5,23.43,-4.09,2,219,0.6246,22.9,80336,34.3,239849472,1750528438,36.3161875,-53.334562500000004
6856f1b73aa0a02ac5f4f545,0,0,7.2,88888M88+F5,23.47,-4.25,2.2,212,0.6046,22.5,80352,34.3,239849472,1750528439,36.3161875,-53.334562500000004
6856f1bf3aa0a02ac5f4f546,0,0,8.6,88888M88+F5,23.36,-4.42,2.3,185,0.5276,23.4,80352,34.3,242266112,1750528447,36.3161875,-53.334562500000004
6856f1bf3aa0a02ac5f4f547,0,0,8.7,88888M88+F5,21.73,-4.28,2.2,197,0.5618,23.4,80352,34.3,242266112,1750528447,36.3161875,-53.334562500000004
6856f1c13aa0a02ac5f4f548,0,0,8.5,88888M88+F5,23.88,-4.53,2.5,314,0.8955,23.4,80352,34.3,242266112,1750528449,36.3161875,-53.334562500000004
6856f1da3aa0a02ac5f4f549,0,0,7.9,88888M88+F5,23.54,-5.09,2.3,247,0.7044,23.9,80144,33.8,241356800,1750528474,36.3161875,-53.334562500000004
6856f1db3aa0a02ac5f4f54a,0,0,7.6,88888M88+F5,23.58,-5,2.6,496,1.4145,23.4,80336,33.2,241356800,1750528475,36.3161875,-53.334562500000004
6856f1dc3aa0a02ac5f4f54b,0,0,7.6,88888M88+F5,23.47,-4.99,2.4,484,1.3803,23.9,80352,33.8,241356800,1750528476,36.3161875,-53.334562500000004
6856f1e03aa0a02ac5f4f54c,0,0,8.3,88888M88+F5,24.73,-4.66,2.2,404,1.1522,23.4,80336,33.2,241377280,1750528480,36.3161875,-53.334562500000004
6856f1e43aa0a02ac5f4f54d,0,0,8.3,88888M88+F5,23.6,-4.82,2.5,177,0.5048,22.9,80336,33.2,240386048,1750528484,36.3161875,-53.334562500000004
6856f1e63aa0a02ac5f4f54e,0,0,7.1,88888M88+F5,21.2,-4.9,2.4,306,0.8727,22.5,80256,33.8,240386048,1750528486,36.3161875,-53.334562500000004
6856f1eb3aa0a02ac5f4f54f,0,0,9.4,88888M88+F5,24.99,-5.4,2.5,177,0.5048,23.9,80336,33.2,239538176,1750528491,36.3161875,-53.334562500000004
6856f1f03aa0a02ac5f4f550,0,0,6.9,88888M88+F5,23.77,-5.09,2.2,449,1.2805,23.4,80352,33.2,240967680,1750528496,36.3161875,-53.334562500000004
6856f1f33aa0a02ac5f4f551,0,0,9.2,88888M88+F5,23.69,-5.16,2.3,612,1.7454,23.4,80256,32.7,240103424,1750528499,36.3161875,-53.334562500000004
6856f1f43aa0a02ac5f4f552,0,0,9.4,88888M88+F5,23.84,-5.09,2.5,174,0.4962,22.5,80240,33.2,240103424,1750528500,36.3161875,-53.334562500000004
6856f2463aa0a02ac5f4f553,0,0,9.4,88888M88+F5,23.6,-6.41,2.6,312,0.8898,21.5,80352,31.1,242200576,1750528582,36.3161875,-53.334562500000004
6856f24e3aa0a02ac5f4f554,0,0,8.6,88888M88+F5,23.69,-6.13,2.7,347,0.9896,22,80352,31.6,241373184,1750528590,36.3161875,-53.334562500000004
6856f2503aa0a02ac5f4f555,0,0,7.7,88888M88+F5,24.77,-6.47,1.4,370,1.0552,21.5,80336,31.1,241373184,1750528592,36.3161875,-53.334562500000004
6856f26a3aa0a02ac5f4f556,0,0,8.7,88888M88+F5,23.82,-7.6,2.4,291,0.8299,21.5,80144,31.1,242032640,1750528618,36.3161875,-53.334562500000004
6856f26a3aa0a02ac5f4f557,0,0,8.7,88888M88+F5,23.8,-7.45,2.6,372,1.0609,21.1,80336,31.1,242061312,1750528618,36.3161875,-53.334562500000004
6856f26b3aa0a02ac5f4f558,0,0,8.4,88888M88+F5,24.99,-7.54,2.3,391,1.1151,22.5,80352,31.1,242061312,1750528619,36.3161875,-53.334562500000004
6856f28a3aa0a02ac5f4f559,0,0,8.5,88888M88+F5,23.86,-8.73,2.2,320,0.9126,20.6,80336,30.6,241766400,1750528650,36.3161875,-53.334562500000004
6856f2943aa0a02ac5f4f55a,0,0,7.5,88888M88+F5,23.95,-8.72,2.5,503,1.4345,19.6,80240,30,245030912,1750528660,36.3161875,-53.334562500000004
6856f2953aa0a02ac5f4f55b,0,0,7.5,88888M88+F5,23.9,-8.77,2.4,488,1.3917,20.6,80352,30.6,245030912,1750528661,36.3161875,-53.334562500000004
6856f2b83aa0a02ac5f4f55c,0,0,7.3,88888M88+F5,23.82,-9.67,2.4,207,0.5903,20.6,80240,30,241954816,1750528696,36.3161875,-53.334562500000004
6856f2b83aa0a02ac5f4f55d,0,0,7.4,88888M88+F5,25.16,-9.65,2.4,213,0.6075,20.6,80336,30,241954816,1750528696,36.3161875,-53.334562500000004
6856f2b93aa0a02ac5f4f55e,0,0,8,88888M88+F5,24.51,-9.83,2.4,199,0.5675,19.6,80352,30,241954816,1750528697,36.3161875,-53.334562500000004
6856f3393aa0a02ac5f4f55f,0,0,8.8,88888M88+F5,23.36,-13.01,2.5,249,0.7101,18.7,80224,26.8,240369664,1750528825,36.3161875,-53.334562500000004
6856f3743aa0a02ac5f4f560,0,0,10.2,88888M88+F5,23.41,-13.73,2.4,243,0.693,17.8,80336,25.7,242343936,1750528884,36.3161875,-53.334562500000004
6856f3af3aa0a02ac5f4f561,0,0,7.9,88888M88+F5,23.3,-15.69,1.9,359,1.0238,15.4,80192,24.6,239775744,1750528943,36.3161875,-53.334562500000004
6856f3e23aa0a02ac5f4f562,0,0,7.3,88888M88+F5,23.64,-16.77,1.8,512,1.4602,15.4,80256,23.6,239636480,1750528994,36.3161875,-53.334562500000004
6856f3e63aa0a02ac5f4f563,0,0,9.4,88888M88+F5,23.62,-16.39,2.1,215,0.6132,15.9,80240,23.6,239583232,1750528998,36.3161875,-53.334562500000004
6856f3e73aa0a02ac5f4f564,0,0,10.2,88888M88+F5,23.64,-16.54,2,289,0.8242,15.4,80336,23.6,239583232,1750528999,36.3161875,-53.334562500000004
6856f41d3aa0a02ac5f4f565,0,0,10,88888M88+F5,24.08,-16.07,1.7,201,0.5732,12.2,80336,22.5,241127424,1750529053,36.3161875,-53.334562500000004
6856f4233aa0a02ac5f4f566,0,0,9.4,88888M88+F5,24.08,-16.1,1.8,332,0.9468,14,80240,21.9,241147904,1750529059,36.3161875,-53.334562500000004
6856f4e73aa0a02ac5f4f567,0,0,6.6,88888M88+F5,24.86,-13.78,1.3,209,0.596,13.1,80224,20.3,238022656,1750529255,36.3161875,-53.334562500000004
6856f4f13aa0a02ac5f4f568,0,0,5.6,88888M88+F5,24.94,-13.62,1.7,179,0.5105,10.3,80112,19.3,237817856,1750529265,36.3161875,-53.334562500000004
6856f4f13aa0a02ac5f4f569,0,0,5.5,88888M88+F5,24.88,-13.58,1.3,994,2.8348,12.2,80224,19.8,237817856,1750529265,36.3161875,-53.334562500000004
6856f4fa3aa0a02ac5f4f56a,0,0,6.5,88888M88+F5,25.12,-13.51,1.5,429,1.2235,11.7,80224,19.8,239640576,1750529274,36.3161875,-53.334562500000004
6856f5223aa0a02ac5f4f56b,0,0,10,88888M88+F5,25.6,-12.8,1.4,180,0.5133,12.2,80336,19.8,239812608,1750529314,36.3161875,-53.334562500000004
6856f52b3aa0a02ac5f4f56c,0,0,9.8,88888M88+F5,24.97,-12.98,1.7,222,0.6331,12.6,80336,19.3,237367296,1750529323,36.3161875,-53.334562500000004
6856f52b3aa0a02ac5f4f56d,0,0,10.4,88888M88+F5,24.9,-12.85,1.3,282,0.8042,13.1,80336,19.8,237367296,1750529323,36.3161875,-53.334562500000004
6856f5433aa0a02ac5f4f56e,0,0,11.2,88888M88+F5,24.73,-13.02,1.3,222,0.6331,12.2,80256,19.3,239316992,1750529347,36.3161875,-53.334562500000004
6856f5633aa0a02ac5f4f56f,0,0,10.5,88888M88+F5,24.99,-13.12,1.4,256,0.7301,12.2,80352,18.7,239411200,1750529379,36.3161875,-53.334562500000004
